Nome da Maquina;Data da Coleta;Uso de CPU;Load1;Load5;Load15;Uso de RAM;RAM total (bytes);RAM usada (bytes);Uso de Swap;Swap total (bytes);Swap usada (bytes);Uso de Disco;Disco total (bytes);Disco usado (bytes);Disco livre (bytes);Net bytes enviados;Net bytes recebidos;Freq CPU (MHz);Temp CPU (C);Uptime (s)
srv1;2025-10-10 18:20:44;5.5;1.76806640625;1.359375;1.17236328125;28.6;16435757056;4706893824;0.0;2147479552;0;3.2;993262940160;30060195840;912672235520;18278447;87217372;1471.8550000000002;54.0;4461
srv1;2025-10-10 18:20:47;25.2;2.828125;1.5859375;1.2470703125;28.7;16435757056;4720144384;0.0;2147479552;0;3.2;993262940160;30060240896;912672190464;18278827;87217874;862.1070833333333;53.0;4464
srv1;2025-10-10 18:20:50;9.1;2.828125;1.5859375;1.2470703125;28.7;16435757056;4725186560;0.0;2147479552;0;3.2;993262940160;30060249088;912672182272;18291109;87219907;1191.2569166666665;52.0;4467
srv1;2025-10-10 18:20:53;3.0;2.6015625;1.5595703125;1.240234375;28.6;16435757056;4707233792;0.0;2147479552;0;3.2;993262940160;30060249088;912672182272;18293889;87220599;1469.05025;53.0;4470
srv1;2025-10-10 18:20:56;6.0;2.6015625;1.5595703125;1.240234375;28.6;16435757056;4708421632;0.0;2147479552;0;3.2;993262940160;30060253184;912672178176;18296596;87221321;2150.0018333333333;51.0;4474
srv1;2025-10-10 18:21:00;9.4;3.2744140625;1.71630859375;1.29296875;28.6;16435757056;4697358336;0.0;2147479552;0;3.2;993262940160;30060253184;912672178176;18299174;87221809;1104.4301666666668;53.0;4477
srv1;2025-10-10 18:21:03;7.7;3.091796875;1.7041015625;1.291015625;28.5;16435757056;4686618624;0.0;2147479552;0;3.2;993262940160;30060253184;912672178176;18302419;87222835;1160.8568333333335;53.0;4480
srv1;2025-10-10 18:26:03;9.0;0.9951171875;1.1923828125;1.17822265625;26.0;16435757056;4275212288;0.0;2147479552;0;3.2;993262940160;30048260096;912684171264;18843233;89559054;1145.3223333333333;51.0;4780
srv1;2025-10-10 18:27:04;1.8;0.5478515625;1.01953125;1.1181640625;26.0;16435757056;4271796224;0.0;2147479552;0;3.2;993262940160;30048890880;912683540480;18886722;90047711;1438.0125833333334;50.0;4841
srv1;2025-10-10 18:28:05;13.4;1.43115234375;1.12158203125;1.1396484375;28.0;16435757056;4608430080;0.0;2147479552;0;3.2;993262940160;30050439168;912681992192;18994886;91640806;1317.0913333333335;46.0;4902
srv1;2025-10-10 18:29:06;4.0;1.30419921875;1.20166015625;1.1689453125;28.4;16435757056;4665864192;0.0;2147479552;0;3.2;993262940160;30051942400;912680488960;19177416;93095279;1183.7115000000001;47.0;4963
srv1;2025-10-10 18:30:07;4.1;1.162109375;1.16650390625;1.1591796875;27.8;16435757056;4561453056;0.0;2147479552;0;3.2;993262940160;30053359616;912679071744;19510437;94596927;1328.0371666666665;48.0;5024
srv1;2025-10-10 18:31:08;12.5;1.1513671875;1.18603515625;1.16796875;28.5;16435757056;4678496256;0.0;2147479552;0;3.2;993262940160;30057578496;912674852864;19749895;95923930;824.5906666666666;44.0;5085
srv1;2025-10-10 18:32:09;6.6;1.060546875;1.1513671875;1.15771484375;27.3;16435757056;4494221312;0.0;2147479552;0;3.2;993262940160;30059528192;912672903168;19885575;97178187;1529.9037500000002;44.0;5146
srv1;2025-10-10 18:33:29;4.4;1.134765625;1.14111328125;1.15234375;19.6;16435757056;3224059904;0.0;2147479552;0;3.2;993262940160;30028140544;912704290816;20046925;97815677;1473.8839166666667;46.0;5226
srv1;2025-10-10 18:34:30;13.1;1.26171875;1.14697265625;1.1513671875;22.4;16435757056;3674710016;0.0;2147479552;0;3.2;993262940160;30012227584;912720203776;20296489;102071163;1887.4988333333333;46.0;5287
srv1;2025-10-10 18:35:31;9.3;0.87255859375;1.068359375;1.1240234375;24.0;16435757056;3942060032;0.0;2147479552;0;3.2;993262940160;30017376256;912715055104;20528326;104331903;1570.8992500000002;44.0;5348
srv1;2025-10-10 18:36:32;13.1;0.81640625;1.01025390625;1.09765625;23.9;16435757056;3924721664;0.0;2147479552;0;3.2;993262940160;30023438336;912708993024;20995868;104721702;1761.7404166666665;48.0;5409
srv1;2025-10-10 18:37:33;14.8;0.8125;0.9755859375;1.0791015625;19.6;16435757056;3214098432;0.0;2147479552;0;3.2;993262940160;30018797568;912713633792;21034791;104770915;1557.9435;42.0;5470
srv1;2025-10-10 18:38:34;1.6;0.6220703125;0.89990234375;1.046875;20.5;16435757056;3368034304;0.0;2147479552;0;3.2;993262940160;30027149312;912705282048;21041739;104784648;2181.2244166666665;39.0;5531
srv1;2025-10-10 18:39:35;13.3;1.28662109375;1.041015625;1.08447265625;26.1;16435757056;4284407808;0.0;2147479552;0;3.2;993262940160;30033887232;912698544128;22114081;109477040;1615.29175;41.0;5592
srv1;2025-10-10 18:40:36;0.8;0.80908203125;0.966796875;1.056640625;25.4;16435757056;4172840960;0.0;2147479552;0;3.2;993262940160;30036697088;912695734272;22335107;109693551;2000.3970833333333;43.0;5653
srv1;2025-10-10 18:41:37;16.4;1.27294921875;1.02880859375;1.06884765625;25.5;16435757056;4183158784;0.0;2147479552;0;3.2;993262940160;30047023104;912685408256;22922789;118382722;825.9005833333332;47.0;5715
srv1;2025-10-10 18:42:39;2.1;0.9990234375;1.02880859375;1.0673828125;28.5;16435757056;4688609280;0.0;2147479552;0;3.2;993262940160;30011904000;912720527360;25099423;293421229;2028.1839166666668;41.0;5776
srv1;2025-10-10 18:43:40;1.3;0.79638671875;0.9755859375;1.046875;27.2;16435757056;4474638336;0.0;2147479552;0;3.2;993262940160;30012936192;912719495168;25354775;294018499;1975.0115833333332;45.0;5837
srv1;2025-10-10 18:44:41;32.5;0.951171875;0.95751953125;1.03125;27.1;16435757056;4452601856;0.0;2147479552;0;3.2;993262940160;30013894656;912718536704;25476844;294486398;648.1354166666665;51.0;5898
srv1;2025-10-10 18:45:42;3.8;1.15283203125;1.06005859375;1.06494140625;27.2;16435757056;4464627712;0.0;2147479552;0;3.2;993262940160;30013087744;912719343616;25626821;294736991;1287.4951666666666;49.0;5959
srv1;2025-10-10 18:46:43;3.7;0.76708984375;0.9814453125;1.0380859375;29.9;16435757056;4921262080;0.0;2147479552;0;3.2;993262940160;30019051520;912713379840;29421405;299687231;2186.14475;52.0;6020
srv1;2025-10-10 18:47:44;9.9;0.76513671875;0.93896484375;1.01708984375;30.2;16435757056;4971548672;0.0;2147479552;0;3.2;993262940160;30022447104;912709984256;29636484;299895419;1219.3724166666666;49.0;6081
srv1;2025-10-10 18:48:45;13.4;1.28515625;1.0576171875;1.05126953125;30.9;16435757056;5084831744;0.0;2147479552;0;3.2;993262940160;30022283264;912710148096;29845594;300110108;1646.35675;54.0;6142
srv1;2025-10-10 18:49:46;10.8;0.7724609375;0.95361328125;1.01318359375;30.3;16435757056;4985376768;0.0;2147479552;0;3.2;993262940160;30022311936;912710119424;29981296;300316463;1090.9845833333336;51.0;6203
srv1;2025-10-10 18:50:47;7.7;0.91064453125;0.96044921875;1.00927734375;30.2;16435757056;4955443200;0.0;2147479552;0;3.2;993262940160;30024093696;912708337664;30354260;302269668;1513.5975833333334;52.0;6264
srv1;2025-10-10 18:51:48;12.0;1.578125;1.14892578125;1.0712890625;30.3;16435757056;4977262592;0.0;2147479552;0;3.2;993262940160;30022701056;912709730304;30477116;302477256;859.9341666666668;54.0;6325
srv1;2025-10-10 18:52:49;4.3;1.13623046875;1.103515625;1.060546875;26.9;16435757056;4418269184;0.0;2147479552;0;3.2;993262940160;30006988800;912725442560;30584136;302601535;1471.2375;52.0;6386
srv1;2025-10-10 18:53:50;4.5;0.724609375;0.9892578125;1.0224609375;26.3;16435757056;4324306944;0.0;2147479552;0;3.2;993262940160;30008045568;912724385792;30668886;302701672;1570.3541666666667;51.0;6448
srv1;2025-10-10 18:54:52;5.6;1.5712890625;1.15185546875;1.0732421875;29.3;16435757056;4813164544;0.0;2147479552;0;3.2;993262940160;30015229952;912717201408;31636972;303536161;1144.4316666666666;46.0;6509
srv1;2025-10-10 18:55:53;2.6;0.94873046875;1.07177734375;1.052734375;27.5;16435757056;4518944768;0.0;2147479552;0;3.2;993262940160;30016233472;912716197888;31814509;304494672;1431.975416666667;40.0;6570
srv1;2025-10-10 18:56:54;2.8;0.5322265625;0.9345703125;1.00439453125;27.6;16435757056;4536729600;0.0;2147479552;0;3.2;993262940160;30023454720;912708976640;32072968;305917991;1703.8382499999998;44.0;6631
srv1;2025-10-10 18:57:55;7.9;0.49755859375;0.8544921875;0.97314453125;28.1;16435757056;4615577600;0.0;2147479552;0;3.2;993262940160;30024531968;912707899392;32214425;307152153;1376.4394166666668;47.0;6692
srv1;2025-10-10 18:58:56;3.9;0.51220703125;0.80224609375;0.94775390625;27.6;16435757056;4544413696;0.0;2147479552;0;3.2;993262940160;30025568256;912706863104;32370881;308408083;2156.1169999999997;47.0;6753
srv1;2025-10-10 18:59:57;7.3;0.69873046875;0.78271484375;0.9287109375;28.1;16435757056;4620607488;0.0;2147479552;0;3.2;993262940160;30026797056;912705634304;32543128;309928131;1635.2101666666665;49.0;6814
srv1;2025-10-10 19:00:58;11.5;1.486328125;0.96484375;0.98046875;29.4;16435757056;4827049984;0.0;2147479552;0;3.2;993262940160;30028550144;912703881216;33002575;311351243;1804.4001666666663;55.0;6875
srv1;2025-10-10 19:01:59;3.9;1.12109375;1.00341796875;0.99462890625;27.7;16435757056;4560117760;0.0;2147479552;0;3.2;993262940160;30029737984;912702693376;33576785;312949790;1335.3063333333332;51.0;6936
srv1;2025-10-10 19:03:00;3.8;1.00048828125;1.02099609375;1.00146484375;27.7;16435757056;4559896576;0.0;2147479552;0;3.2;993262940160;30031036416;912701394944;33888901;314627216;1899.1311666666663;51.0;6997
srv1;2025-10-10 19:04:01;3.5;0.533203125;0.8916015625;0.958984375;27.9;16435757056;4589518848;0.0;2147479552;0;3.2;993262940160;30032486400;912699944960;34131754;316389111;1632.934583333333;51.0;7058
srv1;2025-10-10 19:05:02;4.0;0.9072265625;0.9169921875;0.962890625;28.0;16435757056;4606582784;0.0;2147479552;0;3.2;993262940160;30034165760;912698265600;34417804;318197149;1897.1885000000002;51.0;7119
srv1;2025-10-10 19:06:03;5.1;1.146484375;0.966796875;0.97607421875;28.0;16435757056;4605775872;0.0;2147479552;0;3.2;993262940160;30035296256;912697135104;34746386;319722771;1557.3984166666667;51.0;7181
srv1;2025-10-10 19:07:05;17.4;2.17041015625;1.24560546875;1.06982421875;29.3;16435757056;4814684160;0.0;2147479552;0;3.2;993262940160;30036766720;912695664640;35319240;321368685;1579.7660833333332;55.0;7242
srv1;2025-10-10 19:08:06;4.6;1.6953125;1.26416015625;1.08740234375;29.4;16435757056;4829335552;0.0;2147479552;0;3.2;993262940160;30038212608;912694218752;36055456;323128860;2376.41775;55.0;7302
srv1;2025-10-10 19:09:08;4.4;0.95751953125;1.1455078125;1.05908203125;28.9;16435757056;4743688192;0.0;2147479552;0;3.2;993262940160;30039502848;912692928512;36815856;324650639;1256.3724166666668;54.0;7364
srv1;2025-10-10 19:10:09;10.8;1.49267578125;1.2578125;1.103515625;29.3;16435757056;4810280960;0.0;2147479552;0;3.2;993262940160;30041006080;912691425280;37579500;326386811;1316.7069166666668;58.0;7425
srv1;2025-10-10 19:11:10;30.6;1.92578125;1.37451171875;1.1484375;32.1;16435757056;5276430336;0.0;2147479552;0;3.2;993262940160;30062641152;912669790208;38184897;328496939;1484.6738333333333;61.0;7486
srv1;2025-10-10 19:12:11;0.5;1.31982421875;1.31689453125;1.14404296875;31.5;16435757056;5180989440;0.0;2147479552;0;3.2;993262940160;30065721344;912666710016;38495727;330210204;2030.65525;56.0;7547
srv1;2025-10-10 19:13:12;0.8;0.61669921875;1.1181640625;1.08447265625;29.9;16435757056;4906790912;0.0;2147479552;0;3.2;993262940160;30074290176;912658141184;38627358;331496459;2033.4861666666668;46.0;7608
srv1;2025-10-10 19:14:13;1.3;0.2060546875;0.896484375;1.00830078125;29.8;16435757056;4899057664;0.0;2147479552;0;3.2;993262940160;30075543552;912656887808;38800076;332889133;1975.6024166666666;42.0;7669
srv1;2025-10-10 19:15:14;1.8;0.23486328125;0.77783203125;0.96044921875;29.8;16435757056;4904853504;0.0;2147479552;0;3.2;993262940160;30076964864;912655466496;38964050;334357416;2062.2445833333336;41.0;7730
srv1;2025-10-10 19:16:15;1.4;0.20947265625;0.666015625;0.908203125;29.8;16435757056;4897026048;0.0;2147479552;0;3.2;993262940160;30078758912;912653672448;39125848;336202053;2334.63725;41.0;7791
srv1;2025-10-10 19:17:16;34.2;0.0751953125;0.5419921875;0.849609375;30.4;16435757056;4993826816;0.0;2147479552;0;3.2;993262940160;30080270336;912652161024;39269388;337862355;1640017;41.0;7852
srv1;2025-10-10 19:18:27;6.8;0.7431640625;0.68359375;0.880859375;30.2;16435757056;4969238528;0.0;2147479552;0;3.2;993262940160;30065639424;912666791936;39518781;338823856;2158.9385;45.0;7923
srv1;2025-10-10 19:19:34;4.7;0.662109375;0.677734375;0.8671875;30.6;16435757056;5026066432;0.0;2147479552;0;3.2;993262940160;30066618368;912665812992;39749170;339832745;1545.89825;48.0;7990
srv1;2025-10-10 19:20:35;0.9;0.40234375;0.6103515625;0.83154296875;30.0;16435757056;4934901760;0.0;2147479552;0;3.2;993262940160;30067933184;912664498176;39888925;341368925;2208.2751666666663;46.0;8051
srv1;2025-10-10 19:21:36;0.9;0.341796875;0.55029296875;0.7958984375;30.0;16435757056;4932157440;0.0;2147479552;0;3.2;993262940160;30068793344;912663638016;40020497;342444982;1841.7896666666666;44.0;8112
srv1;2025-10-10 19:22:37;2.0;0.18115234375;0.46337890625;0.7490234375;30.1;16435757056;4943613952;0.0;2147479552;0;3.2;993262940160;30069944320;912662487040;40173331;343780286;1641.1935833333334;40.0;8173
srv1;2025-10-10 19:23:38;1.1;0.06494140625;0.37646484375;0.69970703125;29.9;16435757056;4913348608;0.0;2147479552;0;3.2;993262940160;30070902784;912661528576;40318100;344936221;2004.1653333333334;40.0;8234
srv1;2025-10-10 19:24:39;0.8;0.09521484375;0.3349609375;0.66455078125;29.8;16435757056;4905689088;0.0;2147479552;0;3.2;993262940160;30072246272;912660185088;40482147;346494022;2353.5846666666666;39.0;8295
srv1;2025-10-10 19:25:40;0.5;0.1767578125;0.3173828125;0.63525390625;29.8;16435757056;4899651584;0.0;2147479552;0;3.2;993262940160;30073384960;912659046400;40669448;347848669;2179453;39.0;8356
srv1;2025-10-10 19:26:42;1.3;0.10302734375;0.267578125;0.5966796875;30.2;16435757056;4965957632;0.0;2147479552;0;3.2;993262940160;30074667008;912657764352;40815910;349275808;2191.842666666667;39.0;8418
srv1;2025-10-10 19:27:43;0.8;0.1708984375;0.26123046875;0.57275390625;29.9;16435757056;4911083520;0.0;2147479552;0;3.2;993262940160;30075834368;912656596992;40955056;350641353;1998.3714166666668;39.0;8479
srv1;2025-10-10 19:28:44;2.2;0.0615234375;0.21142578125;0.53369140625;29.9;16435757056;4906434560;0.0;2147479552;0;3.2;993262940160;30076993536;912655437824;41095548;352028597;2176.1908333333336;39.0;8540
srv1;2025-10-10 19:29:45;1.0;0.05859375;0.18505859375;0.50439453125;29.9;16435757056;4909256704;0.0;2147479552;0;3.2;993262940160;30078345216;912654086144;41251744;353626046;2338.3129166666668;39.0;8601
srv1;2025-10-10 19:30:46;0.5;0.1337890625;0.177734375;0.47802734375;29.9;16435757056;4911796224;0.0;2147479552;0;3.2;993262940160;30079537152;912652894208;41390902;355042829;2353.0985;39.0;8662
srv1;2025-10-10 19:31:47;0.3;0.185546875;0.18798828125;0.46044921875;29.9;16435757056;4913250304;0.0;2147479552;0;3.2;993262940160;30080655360;912651776000;41520855;356357915;1995.7381666666668;39.0;8723
srv1;2025-10-10 19:32:48;1.2;0.10400390625;0.16552734375;0.4345703125;29.9;16435757056;4910682112;0.0;2147479552;0;3.2;993262940160;30081835008;912650596352;41673896;357758727;2214.114666666667;40.0;8784
srv1;2025-10-10 19:33:49;0.8;0.162109375;0.177734375;0.4228515625;30.0;16435757056;4934004736;0.0;2147479552;0;3.2;993262940160;30082846720;912649584640;41813361;358717840;1929.4262499999998;39.0;8845
srv1;2025-10-10 19:34:50;0.8;0.09228515625;0.1572265625;0.3994140625;29.9;16435757056;4920885248;0.0;2147479552;0;3.2;993262940160;30084239360;912648192000;41989517;360409392;1999.5214166666667;39.0;8906
srv1;2025-10-10 19:35:51;0.8;0.08203125;0.1396484375;0.37353515625;29.9;16435757056;4919230464;0.0;2147479552;0;3.2;993262940160;30085062656;912647368704;42122844;361409648;2061.729333333333;39.0;8967
srv1;2025-10-10 19:36:52;2.1;0.21875;0.16064453125;0.3642578125;29.9;16435757056;4912967680;0.0;2147479552;0;3.2;993262940160;30086696960;912645734400;42280235;363290215;1842.1315000000002;39.0;9028
srv1;2025-10-10 19:37:53;2.5;0.111328125;0.14306640625;0.34521484375;30.0;16435757056;4931444736;0.0;2147479552;0;3.2;993262940160;30087565312;912644866048;42433910;364689253;2365.2746666666667;40.0;9089
srv1;2025-10-10 19:38:54;0.8;0.0390625;0.1142578125;0.32177734375;30.1;16435757056;4941471744;0.0;2147479552;0;3.2;993262940160;30088814592;912643616768;42580003;365950881;2355.0559166666667;39.0;9150
srv1;2025-10-10 19:39:56;1.0;0.05712890625;0.10693359375;0.30419921875;30.1;16435757056;4945457152;0.0;2147479552;0;3.2;993262940160;30089748480;912642682880;42732521;367049206;1807.4307500000002;39.0;9212
srv1;2025-10-10 19:40:57;1.5;0.107421875;0.11328125;0.29052734375;30.2;16435757056;4956016640;0.0;2147479552;0;3.2;993262940160;30090870784;912641560576;42871315;368191666;2171.204166666667;40.0;9273
srv1;2025-10-10 19:41:58;1.3;0.19189453125;0.13720703125;0.28466796875;30.0;16435757056;4935892992;0.0;2147479552;0;3.2;993262940160;30091890688;912640540672;43007852;369412024;2356.2283333333335;39.0;9334
srv1;2025-10-10 19:42:59;1.5;0.12646484375;125;0.2685546875;30.1;16435757056;4952068096;0.0;2147479552;0;3.2;993262940160;30093000704;912639430656;43190986;370762194;1975.0210833333333;40.0;9395
srv1;2025-10-10 19:44:00;1.2;0.13427734375;0.1298828125;0.26220703125;30.1;16435757056;4943081472;0.0;2147479552;0;3.2;993262940160;30095249408;912637181952;43348540;372396950;2022.0989166666668;39.0;9456
srv1;2025-10-10 19:45:01;1.5;0.1044921875;0.11865234375;0.25048828125;30.0;16435757056;4933877760;0.0;2147479552;0;3.2;993262940160;30096433152;912635998208;43509896;373842678;1732.871166666666;39.0;9517
srv1;2025-10-10 19:46:02;1.1;0.1484375;0.12451171875;0.2431640625;30.1;16435757056;4949639168;0.0;2147479552;0;3.2;993262940160;30097596416;912634834944;43637963;375196521;1858.2191666666665;39.0;9578
srv1;2025-10-10 19:47:03;2.2;0.1748046875;0.13037109375;0.2373046875;30.0;16435757056;4933619712;0.0;2147479552;0;3.2;993262940160;30098649088;912633782272;43772626;376412732;2237.6384166666667;40.0;9639
srv1;2025-10-10 19:48:04;0.8;0.0615234375;0.10400390625;0.2197265625;30.1;16435757056;4939153408;0.0;2147479552;0;3.2;993262940160;30099746816;912632684544;43923926;377711453;1635.6070833333333;39.0;9700
srv1;2025-10-10 19:49:05;0.6;0.0205078125;0.08203125;0.2021484375;30.0;16435757056;4937449472;0.0;2147479552;0;3.2;993262940160;30100836352;912631595008;44062595;378990432;2211.4193333333333;39.0;9761
srv1;2025-10-10 19:50:06;0.8;0.09130859375;0.0947265625;0.1962890625;30.0;16435757056;4936503296;0.0;2147479552;0;3.2;993262940160;30101966848;912630464512;44240066;380377048;1818.0169166666665;39.0;9822
srv1;2025-10-10 19:51:07;1.2;0.13525390625;0.103515625;0.18896484375;30.2;16435757056;4969660416;0.0;2147479552;0;3.2;993262940160;30103523328;912628908032;44403295;382248127;1670.5526666666665;39.0;9883
srv1;2025-10-10 19:52:08;1.3;0.0859375;0.09716796875;0.1787109375;30.1;16435757056;4949585920;0.0;2147479552;0;3.2;993262940160;30104752128;912627679232;44550969;383679063;2324998;39.0;9944
srv1;2025-10-10 19:53:10;1.8;0.02978515625;0.0771484375;0.1669921875;30.2;16435757056;4957999104;0.0;2147479552;0;3.2;993262940160;30105837568;912626593792;44712283;384979154;2324.9980833333334;39.0;10006
srv1;2025-10-10 19:54:11;0.9;0.18505859375;0.1083984375;0.1728515625;30.1;16435757056;4952944640;0.0;2147479552;0;3.2;993262940160;30106943488;912625487872;44845440;386277546;2023.80075;40.0;10067
srv1;2025-10-10 19:55:12;1.7;0.32861328125;0.16357421875;0.18798828125;30.1;16435757056;4954763264;0.0;2147479552;0;3.2;993262940160;30107942912;912624488448;45027538;387568315;1868.2909166666666;39.0;10128
srv1;2025-10-10 19:56:13;0.6;0.18408203125;0.15869140625;0.1806640625;30.2;16435757056;4966498304;0.0;2147479552;0;3.2;993262940160;30109143040;912623288320;45173092;388920258;1805.3046666666667;39.0;10189
srv1;2025-10-10 19:57:14;1.0;0.06591796875;0.12744140625;0.1689453125;30.3;16435757056;4974768128;0.0;2147479552;0;3.2;993262940160;30110105600;912622325760;45310816;390084089;2150.0096666666664;39.0;10250
srv1;2025-10-10 19:58:15;9.3;0.83154296875;0.29638671875;0.2236328125;32.1;16435757056;5275987968;0.0;2147479552;0;3.2;993262940160;30111850496;912620580864;45553629;391486638;1882.8435;43.0;10311
srv1;2025-10-10 19:59:16;1.9;1.1630859375;0.4736328125;0.2900390625;31.0;16435757056;5092937728;0.0;2147479552;0;3.2;993262940160;30112735232;912619696128;46088648;392728971;1488.58825;46.0;10372
srv1;2025-10-10 20:00:17;10.3;1.19873046875;0.5625;0.3271484375;32.0;16435757056;5258907648;0.0;2147479552;0;3.2;993262940160;30095978496;912636452864;47032946;394985239;1114.6974166666666;48.0;10433
srv1;2025-10-10 20:01:18;54.1;4.8603515625;1.52001953125;0.66259765625;29.7;16435757056;4882141184;0.0;2147479552;0;3.2;993262940160;30074802176;912657629184;48830407;401136843;959.1699166666667;52.0;10494
srv1;2025-10-10 20:02:19;3.9;2.72509765625;1.55078125;0.72998046875;30.5;16435757056;5020127232;0.0;2147479552;0;3.2;993262940160;30081773568;912650657792;49392384;402910393;1197.97775;41.0;10555
srv1;2025-10-10 20:03:20;19.7;1.5068359375;1.4052734375;0.73095703125;30.8;16435757056;5057056768;0.0;2147479552;0;3.2;993262940160;30104309760;912628121600;49846757;404545463;1999.6715833333335;42.0;10616
srv1;2025-10-10 20:04:21;4.9;1.162109375;1.353515625;0.75634765625;30.6;16435757056;5032742912;0.0;2147479552;0;3.2;993262940160;30105624576;912626806784;50591473;405841391;1574.2724166666667;40.0;10677
srv1;2025-10-10 20:05:23;2.9;0.54833984375;1.14306640625;0.72314453125;30.8;16435757056;5069942784;0.0;2147479552;0;3.2;993262940160;30107000832;912625430528;51568543;411094694;1830.2855;40.0;10739
srv1;2025-10-10 20:06:24;20.9;1.4892578125;1.30078125;0.80517578125;30.1;16435757056;4949798912;0.0;2147479552;0;3.2;993262940160;30107795456;912624635904;52889108;416438122;1249.87275;42.0;10800
srv1;2025-10-10 20:07:25;11.7;1.5068359375;1.287109375;0.830078125;30.2;16435757056;4960333824;0.0;2147479552;0;3.2;993262940160;30108987392;912623443968;53705680;417734406;1447.1739166666669;44.0;10861
srv1;2025-10-10 20:08:26;3.1;1.8896484375;1.4931640625;0.93359375;29.2;16435757056;4794658816;0.0;2147479552;0;3.2;993262940160;30102577152;912629854208;54573415;419464137;2067.740166666667;46.0;10922
srv1;2025-10-10 20:09:27;4.8;1.2353515625;1.38623046875;0.9306640625;28.7;16435757056;4710207488;0.0;2147479552;0;3.2;993262940160;30114574336;912617857024;54741627;420724905;1432.3249166666665;46.0;10983
srv1;2025-10-10 20:10:28;13.5;1.30029296875;1.35888671875;0.95068359375;29.3;16435757056;4811542528;0.0;2147479552;0;3.2;993262940160;30115737600;912616693760;55543236;422011033;1770.8764166666667;49.0;11044
srv1;2025-10-10 20:11:29;14.7;1.36572265625;1.3447265625;0.97021484375;29.2;16435757056;4792721408;0.0;2147479552;0;3.2;993262940160;30117036032;912615395328;56246201;423033104;1273.4726666666668;50.0;11105
srv1;2025-10-10 20:12:30;5.8;1.41650390625;1.37060546875;1.00390625;28.9;16435757056;4747616256;0.0;2147479552;0;3.2;993262940160;30117330944;912615100416;56789467;424595065;1356.4035833333335;51.0;11166
srv1;2025-10-10 20:13:31;11.9;1.3779296875;1.36474609375;1.0224609375;29.7;16435757056;4879065088;0.0;2147479552;0;3.2;993262940160;30120497152;912611934208;57801982;427464415;1474.3234166666664;52.0;11227
srv1;2025-10-10 20:14:32;1.5;1.82275390625;1.482421875;1.08349609375;29.5;16435757056;4842369024;0.0;2147479552;0;3.2;993262940160;30121746432;912610684928;58541026;428945933;2343.1409166666667;49.0;11288
srv1;2025-10-10 20:15:33;25.3;1.86962890625;1.5048828125;1.11669921875;29.9;16435757056;4914212864;0.0;2147479552;0;3.2;993262940160;30126923776;912605507584;59276449;430455233;1587.10225;51.0;11349
srv1;2025-10-10 20:16:34;1.2;0.84619140625;1.28564453125;1.064453125;29.5;16435757056;4842659840;0.0;2147479552;0;3.2;993262940160;30127898624;912604532736;59984342;431701523;2273.0860833333336;49.0;11411
srv1;2025-10-10 20:17:36;16.1;0.8837890625;1.20556640625;1.04931640625;29.9;16435757056;4912984064;0.0;2147479552;0;3.2;993262940160;30129487872;912602943488;60474934;433757968;1089.6214166666666;53.0;11472
srv1;2025-10-10 20:18:37;12.4;1.4208984375;1.31591796875;1.09716796875;31.3;16435757056;5140307968;0.0;2147479552;0;3.2;993262940160;30137311232;912595120128;61370902;437272153;1202.2463333333333;52.0;11533
srv1;2025-10-10 20:19:38;7.8;1.078125;1.26513671875;1.09228515625;29.3;16435757056;4813996032;0.0;2147479552;0;3.2;993262940160;30134824960;912597606400;62115513;439089175;1303.08;51.0;11594
srv1;2025-10-10 20:20:39;5.5;0.998046875;1.21044921875;1.08447265625;29.0;16435757056;4765945856;0.0;2147479552;0;3.2;993262940160;30135930880;912596500480;62599620;440568433;1339.8653333333334;52.0;11655
srv1;2025-10-10 20:21:40;3.4;0.921875;1.12939453125;1.0634765625;29.3;16435757056;4815654912;0.0;2147479552;0;3.2;993262940160;30137438208;912594993152;63091628;442240182;1393.1172500000002;51.0;11716
srv1;2025-10-10 20:22:41;3.2;1.18310546875;1.15478515625;1.07568359375;29.2;16435757056;4807438336;0.0;2147479552;0;3.2;993262940160;30138621952;912593809408;63588100;443604022;1503.72675;52.0;11777
srv1;2025-10-10 20:23:42;2.2;0.7626953125;1.046875;1.04345703125;29.0;16435757056;4760793088;0.0;2147479552;0;3.2;993262940160;30139756544;912592674816;63845281;445049543;1871.9019166666667;51.0;11838
srv1;2025-10-10 20:24:43;5.3;0.86669921875;1.04638671875;1.044921875;29.3;16435757056;4812976128;0.0;2147479552;0;3.2;993262940160;30140715008;912591716352;64422935;446301880;1864.4863333333335;52.0;11899
srv1;2025-10-10 20:25:44;10.9;0.89599609375;1.00830078125;1.029296875;30.1;16435757056;4952977408;0.0;2147479552;0;3.2;993262940160;30141964288;912590467072;65329508;447891307;1561.9978333333336;55.0;11960
srv1;2025-10-10 20:26:45;4.6;0.89453125;0.99072265625;1.01904296875;29.7;16435757056;4879691776;0.0;2147479552;0;3.2;993262940160;30142697472;912589733888;65815282;449294719;1754.0578333333333;52.0;12021
srv1;2025-10-10 20:27:46;1.1;0.58056640625;0.88427734375;0.9794921875;29.6;16435757056;4858392576;0.0;2147479552;0;3.2;993262940160;30144225280;912588206080;66446773;451105198;1832.0173333333332;52.0;12082
srv1;2025-10-10 20:28:47;9.8;0.77978515625;0.90234375;0.98388671875;29.7;16435757056;4880535552;0.0;2147479552;0;3.2;993262940160;30145351680;912587079680;66653085;452450353;2031.7954166666666;52.0;12143
srv1;2025-10-10 20:29:48;16.0;1.376953125;1.07958984375;1.041015625;30.5;16435757056;5012357120;0.0;2147479552;0;3.2;993262940160;30146568192;912585863168;67431449;453809008;1845.596833333333;55.0;12204
srv1;2025-10-10 20:30:50;12.9;2.26416015625;1.3486328125;1.1328125;31.8;16435757056;5228986368;0.0;2147479552;0;3.2;993262940160;30148038656;912584392704;68170963;455062308;1290.9305;55.0;12266
srv1;2025-10-10 20:31:51;4.2;1.44677734375;1.27099609375;1.1171875;30.9;16435757056;5072797696;0.0;2147479552;0;3.2;993262940160;30149308416;912583122944;69348132;456575526;1384.4978333333336;54.0;12327
srv1;2025-10-10 20:32:52;5.4;0.99560546875;1.16162109375;1.0869140625;31.0;16435757056;5096869888;0.0;2147479552;0;3.2;993262940160;30150594560;912581836800;70518503;458075233;1789.0151666666668;54.0;12388
srv1;2025-10-10 20:33:53;8.8;1.00732421875;1.1318359375;1.0830078125;31.6;16435757056;5194006528;0.0;2147479552;0;3.2;993262940160;30152798208;912579633152;71181073;460573567;1177.1142499999999;54.0;12449
srv1;2025-10-10 20:34:54;18.2;1.1826171875;1.16455078125;1.0966796875;32.3;16435757056;5304692736;0.0;2147479552;0;3.2;993262940160;30149660672;912582770688;72394944;472704398;1563.5633333333335;58.0;12510
srv1;2025-10-10 20:35:55;1.4;1.93408203125;1.36669921875;1.16845703125;33.4;16435757056;5490573312;0.0;2147479552;0;3.2;993262940160;30168989696;912563441664;72855777;474751982;2042.8064999999997;54.0;12571
srv1;2025-10-10 20:36:56;1.8;2.21240234375;1.59375;1.2626953125;34.8;16435757056;5721350144;0.0;2147479552;0;3.2;993262940160;30206255104;912526176256;73029507;476492675;1504.6566666666665;56.0;12632
srv1;2025-10-10 20:37:57;1.3;1.48046875;1.48681640625;1.24658203125;33.8;16435757056;5558386688;0.0;2147479552;0;3.2;993262940160;30194798592;912537632768;73196297;477840326;2212.6808333333333;54.0;12693
srv1;2025-10-10 20:38:58;3.3;0.859375;1.29345703125;1.19189453125;33.1;16435757056;5432889344;0.0;2147479552;0;3.2;993262940160;30200553472;912531877888;73881847;480611332;1823.4105;54.0;12754
srv1;2025-10-10 20:39:59;9.1;1.6650390625;1.423828125;1.24169921875;33.5;16435757056;5506039808;0.0;2147479552;0;3.2;993262940160;30198013952;912534417408;74355840;482881786;931.7278333333334;55.0;12815
srv1;2025-10-10 20:41:00;11.7;1.5048828125;1.44482421875;1.26123046875;33.2;16435757056;5455360000;0.0;2147479552;0;3.2;993262940160;30199459840;912532971520;74538700;484141219;1549.4244166666665;55.0;12876
srv1;2025-10-10 20:42:01;0.8;0.90576171875;1.28515625;1.2177734375;32.6;16435757056;5355974656;0.0;2147479552;0;3.2;993262940160;30200946688;912531484672;74775975;485785532;2324.998916666667;54.0;12938
srv1;2025-10-10 20:43:03;3.5;0.7021484375;1.1806640625;1.185546875;32.5;16435757056;5346934784;0.0;2147479552;0;3.2;993262940160;30202134528;912530296832;75502146;487100955;1550.4163333333333;54.0;12999
srv1;2025-10-10 20:44:04;2.3;0.6328125;1.08251953125;1.1513671875;32.6;16435757056;5357232128;0.0;2147479552;0;3.2;993262940160;30203244544;912529186816;76211817;488494428;1713.9201666666665;53.0;13060
srv1;2025-10-10 20:45:05;3.2;0.7529296875;1.02099609375;1.12353515625;32.5;16435757056;5333430272;0.0;2147479552;0;3.2;993262940160;30204416000;912528015360;76430633;489910929;1379.7666666666664;52.0;13121
srv1;2025-10-10 20:46:06;1.8;0.4013671875;0.87744140625;1.0654296875;32.1;16435757056;5275480064;0.0;2147479552;0;3.2;993262940160;30205734912;912526696448;76577003;491410420;1084.1279166666666;48.0;13182
srv1;2025-10-10 20:47:07;2.4;0.34033203125;0.77734375;1.01708984375;32.2;16435757056;5299228672;0.0;2147479552;0;3.2;993262940160;30207315968;912525115392;76718997;493208518;1762.980833333333;45.0;13243
srv1;2025-10-10 20:48:08;2.1;0.31396484375;0.6943359375;0.9736328125;32.1;16435757056;5270519808;0.0;2147479552;0;3.2;993262940160;30208647168;912523784192;76861858;494747084;1386.4984166666666;43.0;13304
srv1;2025-10-10 20:49:09;2.5;0.21923828125;0.5966796875;0.9208984375;32.1;16435757056;5272543232;0.0;2147479552;0;3.2;993262940160;30209458176;912522973184;76992515;495744470;2209.222333333333;44.0;13365
srv1;2025-10-10 20:50:10;1.7;0.14599609375;0.494140625;0.86181640625;32.1;16435757056;5270802432;0.0;2147479552;0;3.2;993262940160;30210498560;912521932800;77129504;497051414;1854.5112500000002;43.0;13426
srv1;2025-10-10 20:51:11;1.9;0.17724609375;0.43408203125;0.8154296875;32.0;16435757056;5259878400;0.0;2147479552;0;3.2;993262940160;30211194880;912521236480;77260976;497871346;2200.3751666666667;43.0;13487
srv1;2025-10-10 20:52:12;2.0;0.1943359375;0.39794921875;0.7802734375;32.0;16435757056;5261017088;0.0;2147479552;0;3.2;993262940160;30212243456;912520187904;77410298;499148212;1857.49975;42.0;13548
srv1;2025-10-10 20:53:13;2.3;0.2451171875;0.3818359375;0.75048828125;32.1;16435757056;5269303296;0.0;2147479552;0;3.2;993262940160;30213459968;912518971392;77557267;500587098;1468.3012500000002;42.0;13609
srv1;2025-10-10 20:54:14;3.2;0.333984375;0.3740234375;0.72265625;32.1;16435757056;5269663744;0.0;2147479552;0;3.2;993262940160;30214856704;912517574656;77706971;502147260;2041.2899999999997;43.0;13670
srv1;2025-10-10 20:55:15;2.0;0.345703125;0.36083984375;0.69482421875;32.0;16435757056;5263208448;0.0;2147479552;0;3.2;993262940160;30215966720;912516464640;77853667;503632242;1573674;43.0;13731
srv1;2025-10-10 20:56:16;3.6;0.330078125;0.36669921875;0.6767578125;32.2;16435757056;5286633472;0.0;2147479552;0;3.2;993262940160;30215557120;912516874240;78001127;505139361;1584.6224999999997;43.0;13793
srv1;2025-10-10 20:57:18;2.1;0.6474609375;0.45068359375;0.68701171875;32.0;16435757056;5253971968;0.0;2147479552;0;3.2;993262940160;30216011776;912516419584;78153720;506593813;1719.1219166666667;43.0;13854
srv1;2025-10-10 20:58:19;3.2;0.4755859375;0.44140625;0.6689453125;32.1;16435757056;5274271744;0.0;2147479552;0;3.2;993262940160;30216925184;912515506176;78287988;507628404;1417.3220833333332;42.0;13915
srv1;2025-10-10 20:59:20;3.3;0.27001953125;0.38916015625;0.63330078125;32.0;16435757056;5251883008;0.0;2147479552;0;3.2;993262940160;30217826304;912514605056;78423693;508714110;1848.3966666666665;44.0;13976
srv1;2025-10-10 21:00:21;2.5;0.181640625;0.34033203125;0.6005859375;32.1;16435757056;5275582464;0.0;2147479552;0;3.2;993262940160;30219616256;912512815104;78586130;510447065;1709.3699166666668;42.0;14037
srv1;2025-10-10 21:01:22;2.4;0.2197265625;0.322265625;0.5771484375;32.2;16435757056;5288714240;0.0;2147479552;0;3.2;993262940160;30220861440;912511569920;78744918;511551087;1135.5095833333332;43.0;14098
srv1;2025-10-10 21:02:23;4.2;0.5986328125;0.41552734375;0.591796875;32.5;16435757056;5345882112;0.0;2147479552;0;3.2;993262940160;30222131200;912510300160;79015405;512914614;1328.4826666666665;46.0;14159
srv1;2025-10-10 21:03:24;8.2;1.2880859375;0.63330078125;0.65625;33.7;16435757056;5539815424;0.0;2147479552;0;3.2;993262940160;30222839808;912509591552;79748196;514170296;1423.9799166666664;49.0;14220
srv1;2025-10-10 21:04:25;4.4;0.85791015625;625;0.64892578125;33.6;16435757056;5518839808;0.0;2147479552;0;3.2;993262940160;30223945728;912508485632;80447128;515380918;1360.1779166666668;51.0;14281
srv1;2025-10-10 21:05:26;1.8;0.630859375;0.60693359375;0.638671875;33.1;16435757056;5437468672;0.0;2147479552;0;3.2;993262940160;30224199680;912508231680;80650372;516685648;2072.5989166666664;49.0;14342
srv1;2025-10-10 21:06:27;8.4;0.99951171875;0.7109375;0.67138671875;33.4;16435757056;5481742336;0.0;2147479552;0;3.2;993262940160;30225174528;912507256832;81941209;518039148;1206.0370833333334;51.0;14403
srv1;2025-10-10 21:07:28;9.4;1.140625;0.80859375;0.7080078125;33.1;16435757056;5437976576;0.0;2147479552;0;3.2;993262940160;30226485248;912505946112;83154798;519673997;1212.8971666666669;52.0;14464
srv1;2025-10-10 21:08:30;2.5;1.0341796875;0.87890625;0.73974609375;33.2;16435757056;5452193792;0.0;2147479552;0;3.2;993262940160;30228455424;912503975936;84536549;521828021;2059.5551666666665;51.0;14526
srv1;2025-10-10 21:09:31;6.2;2.107421875;1.14892578125;0.837890625;35.5;16435757056;5829894144;0.0;2147479552;0;3.2;993262940160;30237298688;912495132672;85426852;529742905;1172.1749166666666;52.0;14587
srv1;2025-10-10 21:10:32;10.7;1.55712890625;1.154296875;0.8583984375;36.1;16435757056;5929947136;0.0;2147479552;0;3.2;993262940160;30234931200;912497500160;85798582;532381045;1010.3243333333334;55.0;14648
srv1;2025-10-10 21:11:33;4.5;2.0146484375;1.3681640625;0.95166015625;35.0;16435757056;5750145024;0.0;2147479552;0;3.2;993262940160;30241136640;912491294720;87069907;535012407;1016.9498333333335;54.0;14709
srv1;2025-10-10 21:12:34;6.8;1.173828125;1.23974609375;0.9326171875;22.7;16435757056;3736834048;0.0;2147479552;0;3.2;993262940160;30221672448;912510758912;87279724;536803478;1214.4145833333334;53.0;14770
srv1;2025-10-10 21:13:35;1.9;1.21826171875;1.26318359375;0.9638671875;24.0;16435757056;3940917248;0.0;2147479552;0;3.2;993262940160;30224195584;912508235776;87447777;538191118;1715.30675;52.0;14831
srv1;2025-10-10 21:14:36;0.8;0.71875;1.1171875;0.93408203125;18.5;16435757056;3041804288;0.0;2147479552;0;3.2;993262940160;30212116480;912520314880;87563567;539899514;2356.2375833333335;52.0;14892
srv1;2025-10-10 21:15:37;0.8;0.3037109375;0.92529296875;0.87841796875;18.6;16435757056;3049062400;0.0;2147479552;0;3.2;993262940160;30213505024;912518926336;87665543;541572087;2179.498416666667;51.0;14953
srv1;2025-10-10 21:16:38;2.0;0.84814453125;0.94482421875;0.8876953125;22.3;16435757056;3665305600;0.0;2147479552;0;3.2;993262940160;30215196672;912517234688;88296105;545317913;1965.0206666666666;51.0;15014
srv1;2025-10-10 21:17:39;1.6;0.41357421875;0.80078125;0.8408203125;18.3;16435757056;3009830912;0.0;2147479552;0;3.2;993262940160;30211883008;912520548352;88393894;546488324;2205.94925;50.0;15075
srv1;2025-10-10 21:18:40;9.5;625;0.75244140625;0.81884765625;21.9;16435757056;3605651456;0.0;2147479552;0;3.2;993262940160;30216597504;912515833856;88668466;548236554;1298.5321666666664;52.0;15136
srv1;2025-10-10 21:19:41;7.5;0.77880859375;0.80615234375;0.833984375;22.2;16435757056;3652530176;0.0;2147479552;0;3.2;993262940160;30217961472;912514469888;89280685;554125853;1465.5234166666667;54.0;15197
srv1;2025-10-10 21:20:42;0.8;0.63037109375;0.775390625;0.8203125;21.1;16435757056;3467825152;0.0;2147479552;0;3.2;993262940160;30223507456;912508923904;89527756;555806227;1865.5172499999999;52.0;15258
srv1;2025-10-10 21:21:44;10.1;0.7236328125;0.759765625;0.8134765625;22.3;16435757056;3671855104;0.0;2147479552;0;3.2;993262940160;30224502784;912507928576;90749608;563207623;1089.8230833333334;54.0;15320
srv1;2025-10-10 21:22:45;23.0;1.8779296875;1.103515625;0.93115234375;25.6;16435757056;4211765248;0.0;2147479552;0;3.2;993262940160;30232354816;912500076544;91837184;582511722;937.4317499999997;53.0;15381
srv1;2025-10-10 21:23:46;13.7;1.9619140625;1.25537109375;0.99462890625;24.0;16435757056;3949973504;0.0;2147479552;0;3.2;993262940160;30233440256;912498991104;92349640;603350326;1003.2794999999998;51.0;15442
srv1;2025-10-10 21:24:47;20.0;2.06005859375;1.40625;1.06396484375;24.9;16435757056;4096917504;0.0;2147479552;0;3.2;993262940160;30235455488;912496975872;92744970;613906661;1117.4077499999999;50.0;15503
srv1;2025-10-10 21:25:48;14.9;2.0185546875;1.56201171875;1.142578125;25.4;16435757056;4171292672;0.0;2147479552;0;3.2;993262940160;30237573120;912494858240;93292720;633290431;852.4663333333333;51.0;15564
srv1;2025-10-10 21:26:49;18.8;1.68701171875;1.55078125;1.16552734375;25.4;16435757056;4172468224;0.0;2147479552;0;3.2;993262940160;30238720000;912493711360;93491980;641102105;803.5765000000001;51.0;15625
srv1;2025-10-10 21:27:50;55.0;4.1962890625;2.2158203125;1.41455078125;25.8;16435757056;4247113728;0.0;2147479552;0;3.2;993262940160;30240452608;912491978752;93739423;652189608;629.5896666666666;51.0;15686
srv1;2025-10-10 21:28:51;18.5;3.39990234375;2.35693359375;1.51513671875;25.8;16435757056;4235288576;0.0;2147479552;0;3.2;993262940160;30241632256;912490799104;94093364;668663618;1165.5194166666665;55.0;15747
srv1;2025-10-10 21:29:52;37.3;2.7197265625;2.39794921875;1.58984375;29.5;16435757056;4846993408;0.0;2147479552;0;3.2;993262940160;30253178880;912479252480;95063149;689579830;1227.3886666666667;60.0;15808
srv1;2025-10-10 21:30:53;23.8;3.64501953125;2.62109375;1.7138671875;26.1;16435757056;4297400320;0.0;2147479552;0;3.2;993262940160;30264606720;912467824640;96409429;703308012;899.1320833333334;60.0;15869
srv1;2025-10-10 21:31:54;11.4;3.31494140625;2.8017578125;1.83837890625;25.9;16435757056;4248670208;0.0;2147479552;0;3.2;993262940160;30267002880;912465428480;96988760;724406738;849.9053333333335;62.0;15930
srv1;2025-10-10 21:32:56;29.0;2.0869140625;2.509765625;1.79638671875;26.0;16435757056;4266143744;0.0;2147479552;0;3.2;993262940160;30268502016;912463929344;97275990;736900983;990.0850833333334;60.0;15992
srv1;2025-10-10 21:33:57;24.0;3.4287109375;2.70263671875;1.9013671875;25.7;16435757056;4223066112;0.0;2147479552;0;3.2;993262940160;30269353984;912463077376;97442368;743678213;1367.3595000000003;60.0;16053
srv1;2025-10-10 21:34:58;12.6;3.03271484375;2.66796875;1.94287109375;25.5;16435757056;4197683200;0.0;2147479552;0;3.2;993262940160;30270640128;912461791232;97634578;751116476;1094.1466666666668;62.0;16114
srv1;2025-10-10 21:35:59;15.7;1.513671875;2.27587890625;1.8505859375;25.5;16435757056;4196499456;0.0;2147479552;0;3.2;993262940160;30272020480;912460410880;97768510;752797811;836.8279166666666;59.0;16175
srv1;2025-10-10 21:37:00;15.7;1.3076171875;2.07275390625;1.806640625;25.9;16435757056;4253208576;0.0;2147479552;0;3.2;993262940160;30273384448;912459046912;98062955;768657175;891.6940833333333;60.0;16236
srv1;2025-10-10 21:38:01;16.0;1.89111328125;2.1015625;1.8330078125;25.8;16435757056;4233064448;0.0;2147479552;0;3.2;993262940160;30274678784;912457752576;98226249;774867363;1121269;60.0;16297
srv1;2025-10-10 21:39:02;17.2;1.59228515625;1.97314453125;1.8076171875;25.9;16435757056;4253106176;0.0;2147479552;0;3.2;993262940160;30275784704;912456646656;98418995;784282870;708.1424166666666;59.0;16358
srv1;2025-10-10 21:40:03;13.0;1625;1.9501953125;1.8115234375;26.0;16435757056;4268449792;0.0;2147479552;0;3.2;993262940160;30276870144;912455561216;98633330;791693793;1610.6490000000003;60.0;16419
srv1;2025-10-10 21:41:04;20.9;2.0732421875;1.958984375;1.81982421875;25.9;16435757056;4259127296;0.0;2147479552;0;3.2;993262940160;30278197248;912454234112;98847510;799855893;899.9946666666666;60.0;16480
srv1;2025-10-10 21:42:05;18.0;3.09814453125;2.22314453125;1.916015625;25.9;16435757056;4257210368;0.0;2147479552;0;3.2;993262940160;30279479296;912452952064;99160307;811085191;1034.9780833333334;60.0;16541
srv1;2025-10-10 21:43:06;14.6;1.60595703125;1.96435546875;1.84619140625;26.0;16435757056;4267327488;0.0;2147479552;0;3.2;993262940160;30280896512;912451534848;99385341;822601688;894.6555833333332;60.0;16602
srv1;2025-10-10 21:44:07;9.8;1.77734375;1.94140625;1.8447265625;26.4;16435757056;4335607808;0.0;2147479552;0;3.2;993262940160;30282182656;912450248704;99506524;823990914;773.3085833333333;60.0;16664
srv1;2025-10-10 21:45:09;1.7;1.068359375;1.70703125;1.7685546875;18.2;16435757056;2993934336;0.0;2147479552;0;3.2;993262940160;30279380992;912453050368;99787549;828237507;2004.1751666666667;58.0;16725
srv1;2025-10-10 21:46:10;1.6;0.4638671875;1.421875;1.6650390625;18.3;16435757056;3011416064;0.0;2147479552;0;3.2;993262940160;30280404992;912452026368;99870960;829438053;2234.8684166666667;55.0;16786
srv1;2025-10-10 21:47:11;2.7;0.3515625;1.2080078125;1.57373046875;18.3;16435757056;3010191360;0.0;2147479552;0;3.2;993262940160;30281691136;912450740224;99966301;830927676;1735.23275;55.0;16847
srv1;2025-10-10 21:48:12;1.2;0.212890625;1.0146484375;1.48291015625;18.0;16435757056;2962444288;0.0;2147479552;0;3.2;993262940160;30286966784;912445464576;100057004;832269254;1825.2968333333336;54.0;16908
srv1;2025-10-10 21:49:13;1.3;0.2353515625;0.861328125;1.3955078125;18.0;16435757056;2955034624;0.0;2147479552;0;3.2;993262940160;30288113664;912444317696;100145202;833600027;2064.5823333333333;46.0;16969
srv1;2025-10-10 21:50:14;0.9;0.08447265625;0.7021484375;1.30517578125;18.0;16435757056;2953891840;0.0;2147479552;0;3.2;993262940160;30289494016;912442937344;100362634;843565105;1842.4844999999998;48.0;17030
srv1;2025-10-10 21:51:15;0.8;0.09228515625;0.587890625;1.22607421875;18.0;16435757056;2959929344;0.0;2147479552;0;3.2;993262940160;30290743296;912441688064;100444737;845018959;2082.2309999999998;45.0;17091
srv1;2025-10-10 21:52:16;0.9;0.4072265625;0.5751953125;1.177734375;18.1;16435757056;2972913664;0.0;2147479552;0;3.2;993262940160;30292058112;912440373248;100528874;846526280;2040.3625;41.0;17152
srv1;2025-10-10 21:53:17;0.7;0.23046875;0.49755859375;1.1123046875;18.1;16435757056;2968240128;0.0;2147479552;0;3.2;993262940160;30293008384;912439422976;100611883;847654836;2255.1960833333333;39.0;17213
srv1;2025-10-10 21:54:18;1.2;0.21337890625;0.4423828125;1.0498046875;18.1;16435757056;2971930624;0.0;2147479552;0;3.2;993262940160;30294360064;912438071296;100703695;849201810;1680.6285833333332;46.0;17274
srv1;2025-10-10 21:55:19;1.2;0.185546875;0.390625;0.99072265625;18.1;16435757056;2974707712;0.0;2147479552;0;3.2;993262940160;30295363584;912437067776;100794083;850460045;2192.7183333333332;38.0;17335
srv1;2025-10-10 21:56:20;0.7;0.169921875;0.34765625;0.93798828125;18.1;16435757056;2976206848;0.0;2147479552;0;3.2;993262940160;30296752128;912435679232;100889939;852059352;2371.7935833333336;39.0;17396
srv1;2025-10-10 21:57:21;0.8;0.20361328125;0.31494140625;0.88818359375;18.1;16435757056;2973655040;0.0;2147479552;0;3.2;993262940160;30297808896;912434622464;100972383;853316692;1906.568416666667;39.0;17457
srv1;2025-10-10 21:58:23;0.9;0.1455078125;0.2841796875;0.84130859375;18.1;16435757056;2978148352;0.0;2147479552;0;3.2;993262940160;30299332608;912433098752;101069748;855062283;2179.88575;39.0;17519
srv1;2025-10-10 21:59:24;0.7;0.08203125;0.240234375;0.787109375;18.2;16435757056;2986827776;0.0;2147479552;0;3.2;993262940160;30300737536;912431693824;101161710;856670197;2352.9246666666663;39.0;17580
srv1;2025-10-10 22:00:25;1.0;0.14990234375;0.2255859375;0.74609375;18.2;16435757056;2988163072;0.0;2147479552;0;3.2;993262940160;30302248960;912430182400;101260604;858560645;1988.5607499999999;39.0;17641
srv1;2025-10-10 22:01:26;0.8;0.13330078125;0.19873046875;0.70263671875;18.2;16435757056;2989182976;0.0;2147479552;0;3.2;993262940160;30303875072;912428556288;101352644;860300794;2324.9995;39.0;17702
srv1;2025-10-10 22:02:27;1.7;0.1904296875;0.19287109375;0.66748046875;18.1;16435757056;2977136640;0.0;2147479552;0;3.2;993262940160;30305296384;912427134976;101443459;861937365;1862.9954166666666;39.0;17763
srv1;2025-10-10 22:03:28;0.6;0.1865234375;0.19921875;0.63818359375;18.1;16435757056;2977058816;0.0;2147479552;0;3.2;993262940160;30306795520;912425635840;101530598;863653733;1892.860333333333;39.0;17824
srv1;2025-10-10 22:04:29;1.3;0.55517578125;0.33349609375;0.65478515625;18.1;16435757056;2978615296;0.0;2147479552;0;3.2;993262940160;30308450304;912423981056;101627754;865534096;1991.3606666666667;39.0;17885
srv1;2025-10-10 22:05:30;0.8;0.20166015625;0.27001953125;0.611328125;18.2;16435757056;2985140224;0.0;2147479552;0;3.2;993262940160;30309470208;912422961152;101713343;866801441;2171.79225;39.0;17946
srv1;2025-10-10 22:06:31;0.8;0.171875;0.2490234375;0.58203125;18.2;16435757056;2989215744;0.0;2147479552;0;3.2;993262940160;30310596608;912421834752;101799643;868118406;2030108;38.0;18007
srv1;2025-10-10 22:07:32;0.5;0.26953125;0.26220703125;0.56396484375;18.2;16435757056;2987806720;0.0;2147479552;0;3.2;993262940160;30311804928;912420626432;101883420;869528121;2371.420166666667;38.0;18068
srv1;2025-10-10 22:08:34;1.1;0.08935546875;0.2080078125;0.52294921875;18.1;16435757056;2981421056;0.0;2147479552;0;3.2;993262940160;30312927232;912419504128;101972713;870854945;2382.2111666666665;39.0;18130
srv1;2025-10-10 22:09:35;1.3;0.20947265625;0.2158203125;0.50537109375;18.2;16435757056;2984734720;0.0;2147479552;0;3.2;993262940160;30314442752;912417988608;102072690;872608245;1989.2577499999998;39.0;18191
srv1;2025-10-10 22:10:36;1.3;0.2392578125;0.220703125;0.4873046875;18.2;16435757056;2990227456;0.0;2147479552;0;3.2;993262940160;30315757568;912416673792;102163627;874182656;2162.2890833333336;38.0;18252
srv1;2025-10-10 22:11:37;0.8;0.2177734375;0.2109375;0.4638671875;18.2;16435757056;2990903296;0.0;2147479552;0;3.2;993262940160;30317105152;912415326208;102253817;875749172;2363.6075833333334;39.0;18313
srv1;2025-10-10 22:12:38;1.5;0.24169921875;0.21728515625;0.44873046875;18.1;16435757056;2983071744;0.0;2147479552;0;3.2;993262940160;30318256128;912414175232;102338093;877102062;1704.7257500000003;39.0;18374
srv1;2025-10-10 22:13:39;2.2;0.23486328125;0.20556640625;0.4287109375;18.1;16435757056;2982014976;0.0;2147479552;0;3.2;993262940160;30319480832;912412950528;102422412;878516085;1894.0544166666668;39.0;18435
srv1;2025-10-10 22:14:40;1.2;0.35595703125;0.244140625;0.4287109375;18.1;16435757056;2980102144;0.0;2147479552;0;3.2;993262940160;30320943104;912411488256;102516888;880188383;2343004;45.0;18496
srv1;2025-10-10 22:15:41;1.8;0.19091796875;0.212890625;0.4052734375;18.1;16435757056;2977521664;0.0;2147479552;0;3.2;993262940160;30322401280;912410030080;102620765;881944568;2178.7614166666667;38.0;18557
srv1;2025-10-10 22:16:42;48.2;1.6240234375;0.56689453125;0.513671875;29.8;16435757056;4904140800;0.0;2147479552;0;3.2;993262940160;30325202944;912407228416;104973557;1007400478;1120.4981666666667;53.0;18618
srv1;2025-10-10 22:17:43;36.6;6.56591796875;2.32421875;1.13232421875;30.3;16435757056;4988170240;0.0;2147479552;0;3.2;993262940160;30331912192;912400519168;107166117;1187739900;1490.3085;60.0;18679
srv1;2025-10-10 22:18:44;12.2;6.95751953125;3.29541015625;1.55029296875;34.9;16435757056;5732163584;0.0;2147479552;0;3.2;993262940160;30340743168;912391688192;109984440;1410912234;3259.8262500000005;75.0;18740
srv1;2025-10-10 22:19:45;19.2;3.91162109375;3.06298828125;1.57763671875;34.0;16435757056;5595815936;0.0;2147479552;0;3.2;993262940160;30350180352;912382251008;112109648;1550990033;1234.9501666666667;61.0;18801
srv1;2025-10-10 22:20:46;3.0;2.38525390625;2.77685546875;1.5703125;32.6;16435757056;5366145024;0.0;2147479552;0;3.2;993262940160;30351294464;912381136896;113527999;1641728226;2019.9012500000001;60.0;18862
srv1;2025-10-10 22:21:48;96.0;13.74169921875;5.60009765625;2.595703125;34.5;16435757056;5672284160;0.0;2147479552;0;3.2;993262940160;30355247104;912377184256;116672274;1920401019;1961.7623333333333;73.0;18924
srv1;2025-10-10 22:22:49;96.5;19.11865234375;8.54638671875;3.7939453125;37.4;16435757056;6151131136;0.0;2147479552;0;3.2;993262940160;30357131264;912375300096;120934337;2294898684;2066.66525;67.0;18985
srv1;2025-10-10 22:23:50;97.1;22.07763671875;11.50634765625;5.14208984375;37.1;16435757056;6090039296;0.0;2147479552;0;3.2;993262940160;30358532096;912373899264;124722718;2663399732;1966.6665;65.0;19046
srv1;2025-10-10 22:24:51;82.0;17.177734375;12.0732421875;5.73876953125;37.9;16435757056;6227677184;0.0;2147479552;0;3.2;993262940160;30364504064;912367927296;128829790;2998416892;3148.3505;68.0;19107
srv1;2025-10-10 22:25:52;90.5;15.85009765625;12.732421875;6.3701171875;40.8;16435757056;6711500800;0.0;2147479552;0;3.2;993262940160;30225453056;912506978304;132525835;3234091365;2066.6629166666667;67.0;19168
srv1;2025-10-10 22:26:53;72.3;14.14892578125;12.9208984375;6.84130859375;36.5;16435757056;5993115648;0.0;2147479552;0;3.2;993262940160;30227308544;912505122816;136101932;3537637946;3399.997083333333;75.0;19229
srv1;2025-10-10 22:27:54;74.6;23.4208984375;15.94189453125;8.26904296875;43.1;16435757056;7081254912;0.0;2147479552;0;3.2;993262940160;30230511616;912501919744;140912326;3997691135;2866.6634166666663;73.0;19290
srv1;2025-10-10 22:28:55;81.0;21.79931640625;16.86962890625;9.10791015625;38.9;16435757056;6387654656;0.0;2147479552;0;3.2;993262940160;30231793664;912500637696;144637533;4352059939;1122.4724166666667;61.0;19351
srv1;2025-10-10 22:29:56;97.5;18.49462890625;16.84716796875;9.59228515625;39.5;16435757056;6486843392;0.0;2147479552;0;3.2;993262940160;30233354240;912499077120;148321928;4710409412;1966.6692500000001;67.0;19412
srv1;2025-10-10 22:30:57;95.2;22.08154296875;18.20361328125;10.5166015625;39.9;16435757056;6563065856;0.0;2147479552;0;3.2;993262940160;30238130176;912494301184;153357588;5193508141;2066.671083333333;65.0;19473
srv1;2025-10-10 22:31:58;86.4;18.7900390625;18.1005859375;10.9736328125;44.2;16435757056;7262740480;0.0;2147479552;0;3.2;993262940160;30244687872;912487743488;157328303;5508903097;2766.567833333333;67.0;19534
srv1;2025-10-10 22:33:00;54.9;16.64697265625;17.57421875;11.2744140625;42.5;16435757056;6988705792;0.0;2147479552;0;3.2;993262940160;30261604352;912470827008;160410395;5797434525;1912.0945;62.0;19596
srv1;2025-10-10 22:34:01;85.6;13.16455078125;16.4521484375;11.28759765625;43.1;16435757056;7088005120;0.0;2147479552;0;3.2;993262940160;30269542400;912462888960;163172601;6053728823;3100426;73.0;19657
srv1;2025-10-10 22:35:02;72.6;16.0166015625;16.77001953125;11.72802734375;43.4;16435757056;7139913728;0.0;2147479552;0;3.2;993262940160;30273417216;912459014144;167959379;6503031311;1109.9142500000003;58.0;19718
srv1;2025-10-10 22:36:03;97.4;20.0390625;17.4833984375;12.27197265625;44.3;16435757056;7276318720;0.0;2147479552;0;3.2;993262940160;30275280896;912457150464;170676444;6758100937;2058.7079166666667;66.0;19779
srv1;2025-10-10 22:37:04;97.1;24.490234375;19.1953125;13.1875;45.2;16435757056;7428984832;0.0;2147479552;0;3.2;993262940160;30278676480;912453754880;173775060;7060072573;2066.6647500000004;63.0;19840
srv1;2025-10-10 22:38:05;97.3;29.69677734375;21.53369140625;14.390625;45.0;16435757056;7398330368;0.0;2147479552;0;3.2;993262940160;30279630848;912452800512;177495645;7424505041;2066.6757500000003;63.0;19901
srv1;2025-10-10 22:39:06;93.8;24.3935546875;21.7119140625;14.91455078125;39.6;16435757056;6515347456;0.0;2147479552;0;3.2;993262940160;30227623936;912504807424;181242205;7782928854;1933.328583333333;65.0;19962
srv1;2025-10-10 22:40:07;97.7;21.935546875;21.2138671875;15.15283203125;39.8;16435757056;6537150464;0.0;2147479552;0;3.2;993262940160;30229262336;912503169024;185866158;8217260247;2066.668166666667;65.0;20023
srv1;2025-10-10 22:41:08;97.3;25.2255859375;22.31689453125;15.91357421875;43.5;16435757056;7151190016;0.0;2147479552;0;3.2;993262940160;30230458368;912501972992;189980958;8625235650;1966.668416666667;66.0;20084
srv1;2025-10-10 22:42:09;97.5;25.62451171875;22.93408203125;16.52685546875;42.9;16435757056;7047163904;0.0;2147479552;0;3.2;993262940160;30231801856;912500629504;192770406;8896850415;2066.6627500000004;65.0;20145
srv1;2025-10-10 22:43:10;96.9;24.77490234375;23.32568359375;17.10546875;42.7;16435757056;7018414080;0.0;2147479552;0;3.2;993262940160;30233137152;912499294208;196682281;9282523803;1966.6653333333334;65.0;20207
srv1;2025-10-10 22:44:12;96.4;23.2529296875;23.31396484375;17.5029296875;39.0;16435757056;6417895424;0.0;2147479552;0;3.2;993262940160;30235021312;912497410048;201069450;9674889736;1966.6666666666663;64.0;20268
srv1;2025-10-10 22:45:13;87.7;22.73486328125;23.26416015625;17.85595703125;39.7;16435757056;6521004032;0.0;2147479552;0;3.2;993262940160;30236815360;912495616000;203843146;9916883713;3166.6631666666667;69.0;20329
srv1;2025-10-10 22:46:14;98.4;24.05810546875;23.46875;18.259765625;42.9;16435757056;7057666048;0.0;2147479552;0;3.2;993262940160;30238715904;912493715456;207678165;10280428322;2066.668166666667;65.0;20390
srv1;2025-10-10 22:47:15;98.4;24.94140625;23.8251953125;18.70947265625;43.7;16435757056;7182229504;0.0;2147479552;0;3.2;993262940160;30240112640;912492318720;212033957;10724865711;1966.6672500000002;65.0;20451
srv1;2025-10-10 22:48:16;97.7;25.56005859375;24.22119140625;19.19482421875;43.7;16435757056;7186112512;0.0;2147479552;0;3.2;993262940160;30241361920;912491069440;214774688;10993998903;1966.6671666666668;63.0;20512
srv1;2025-10-10 22:49:17;96.9;27.060546875;25.123046875;19.8349609375;43.9;16435757056;7217111040;0.0;2147479552;0;3.2;993262940160;30242865152;912489566208;218802357;11394547327;2066.6717500000004;64.0;20573
srv1;2025-10-10 22:50:18;96.6;25.7998046875;25.080078125;20.15087890625;42.1;16435757056;6920839168;0.0;2147479552;0;3.2;993262940160;30244798464;912487632896;222815991;11761936439;2064.8171666666667;65.0;20634
srv1;2025-10-10 22:51:19;97.2;24.18994140625;24.71923828125;20.33544921875;41.7;16435757056;6851301376;0.0;2147479552;0;3.2;993262940160;30246379520;912486051840;226361201;12096230586;2066.66575;65.0;20695
srv1;2025-10-10 22:52:20;97.2;21.3203125;23.787109375;20.2890625;41.7;16435757056;6846066688;0.0;2147479552;0;3.2;993262940160;30247833600;912484597760;230048962;12441734219;1966.6615000000002;63.0;20756
srv1;2025-10-10 22:53:21;97.1;23.07763671875;23.69384765625;20.4853515625;42.1;16435757056;6911606784;0.0;2147479552;0;3.2;993262940160;30248701952;912483729408;233320810;12755084384;2066669;65.0;20818
srv1;2025-10-10 22:54:23;97.3;24.9912109375;24.091796875;20.82275390625;43.1;16435757056;7085813760;0.0;2147479552;0;3.2;993262940160;30250065920;912482365440;236872968;13095166738;2066.668333333333;65.0;20879
srv1;2025-10-10 22:55:24;97.9;25.626953125;24.41064453125;21.1376953125;43.9;16435757056;7207694336;0.0;2147479552;0;3.2;993262940160;30251470848;912480960512;240553156;13455137269;2066.660666666667;63.0;20940
srv1;2025-10-10 22:56:25;98.6;25.1123046875;24.50146484375;21.37548828125;44.3;16435757056;7284645888;0.0;2147479552;0;3.2;993262940160;30249385984;912483045376;244728321;13871563165;1966.66425;66.0;21001
srv1;2025-10-10 22:57:26;98.1;24.57958984375;24.4873046875;21.58447265625;44.6;16435757056;7330279424;0.0;2147479552;0;3.2;993262940160;30250938368;912481492992;247745836;14165552569;2060.5036666666665;65.0;21062
srv1;2025-10-10 22:58:27;97.9;27.4775390625;25.42529296875;22.09521484375;44.2;16435757056;7262949376;0.0;2147479552;0;3.2;993262940160;30252556288;912479875072;251571038;14541280946;1966.6661666666666;65.0;21123
srv1;2025-10-10 22:59:28;97.8;27.587890625;25.69580078125;22.39013671875;44.3;16435757056;7272878080;0.0;2147479552;0;3.2;993262940160;30253723648;912478707712;255111213;14886595165;2066.6721666666667;65.0;21184
srv1;2025-10-10 23:00:29;96.1;25.16259765625;25.2431640625;22.435546875;39.4;16435757056;6475915264;0.0;2147479552;0;3.2;993262940160;30251184128;912481247232;259478456;15285096726;1966.6595;65.0;21245
srv1;2025-10-10 23:01:30;96.8;21.19384765625;24.09130859375;22.21533203125;41.6;16435757056;6829625344;0.0;2147479552;0;3.2;993262940160;30253240320;912479191040;262785141;15569665911;1966.6644166666665;64.0;21306
srv1;2025-10-10 23:02:31;97.8;25.26220703125;24.7939453125;22.5908203125;43.8;16435757056;7206559744;0.0;2147479552;0;3.2;993262940160;30252892160;912479539200;267241199;16004379249;1966.6630000000002;65.0;21367
srv1;2025-10-10 23:03:32;97.0;25.91943359375;25.0263671875;22.8056640625;44.3;16435757056;7277064192;0.0;2147479552;0;3.2;993262940160;30254329856;912478101504;270206181;16287469514;1961.2224166666665;62.0;21428
srv1;2025-10-10 23:04:34;97.3;27.8212890625;25.57421875;23.12646484375;44.9;16435757056;7377268736;0.0;2147479552;0;3.2;993262940160;30255730688;912476700672;273878746;16648786160;2099.14875;65.0;21490
srv1;2025-10-10 23:05:35;96.8;27.6591796875;25.99609375;23.4296875;44.3;16435757056;7276888064;0.0;2147479552;0;3.2;993262940160;30256807936;912475623424;277421983;16996937565;1966.6685833333338;65.0;21551
srv1;2025-10-10 23:06:36;97.4;27.38427734375;26.27294921875;23.6884765625;44.4;16435757056;7300653056;0.0;2147479552;0;3.2;993262940160;30258409472;912474021888;280845830;17327543576;1966.6587499999998;65.0;21612
srv1;2025-10-10 23:07:37;96.3;27.3564453125;26.6357421875;23.99853515625;42.5;16435757056;6992367616;0.0;2147479552;0;3.2;993262940160;30259580928;912472850432;285278323;17754971196;2066604;66.0;21673
srv1;2025-10-10 23:08:38;98.2;27.158203125;26.6279296875;24.15673828125;43.2;16435757056;7092187136;0.0;2147479552;0;3.2;993262940160;30261653504;912470777856;289181989;18125913730;1966.6679166666663;66.0;21734
srv1;2025-10-10 23:09:39;98.3;28.62353515625;27.01416015625;24.43896484375;44.2;16435757056;7257460736;0.0;2147479552;0;3.2;993262940160;30263296000;912469135360;292809978;18482017532;1966.6651666666667;64.0;21795
srv1;2025-10-10 23:10:40;98.3;26.513671875;26.72705078125;24.50439453125;44.1;16435757056;7251976192;0.0;2147479552;0;3.2;993262940160;30264524800;912467906560;296430437;18838375775;2066.670416666667;66.0;21856
srv1;2025-10-10 23:11:41;97.4;25.2265625;26.3935546875;24.53369140625;44.8;16435757056;7369715712;0.0;2147479552;0;3.2;993262940160;30266220544;912466210816;300461560;19245519016;1966.6678333333336;64.0;21917
srv1;2025-10-10 23:12:42;97.5;24.47021484375;26.05810546875;24.5517578125;44.3;16435757056;7279931392;0.0;2147479552;0;3.2;993262940160;30267596800;912464834560;303505867;19540542237;1966.6683333333333;63.0;21978
srv1;2025-10-10 23:13:43;97.7;26.373046875;26.26025390625;24.71142578125;44.6;16435757056;7332577280;0.0;2147479552;0;3.2;993262940160;30268760064;912463671296;307021980;19887127897;2100.0004166666668;65.0;22039
srv1;2025-10-10 23:14:45;98.0;26.49755859375;26.330078125;24.83447265625;44.9;16435757056;7375286272;0.0;2147479552;0;3.2;993262940160;30270271488;912462159872;310505094;20228289000;2066.66925;64.0;22101
srv1;2025-10-10 23:15:46;97.3;26.59521484375;26.43994140625;24.96923828125;44.5;16435757056;7319072768;0.0;2147479552;0;3.2;993262940160;30271782912;912460648448;313786322;20547873629;1966.6615833333335;65.0;22162
srv1;2025-10-10 23:16:47;98.0;26.01708984375;26.25634765625;25.00341796875;43.2;16435757056;7092969472;0.0;2147479552;0;3.2;993262940160;30273744896;912458686464;318373906;20988413228;1966.6638333333333;63.0;22223
srv1;2025-10-10 23:17:48;97.2;25.73974609375;26.255859375;25.08984375;44.3;16435757056;7288942592;0.0;2147479552;0;3.2;993262940160;30275313664;912457117696;321905544;21335785637;1966.6484999999996;63.0;22284
srv1;2025-10-10 23:18:49;97.8;27.52978515625;26.64404296875;25.29443359375;44.9;16435757056;7372414976;0.0;2147479552;0;3.2;993262940160;30276526080;912455905280;326277689;21776430997;2066.6624166666666;65.0;22345
srv1;2025-10-10 23:19:50;97.7;27.251953125;26.654296875;25.37646484375;44.8;16435757056;7362744320;0.0;2147479552;0;3.2;993262940160;30277820416;912454610944;329288053;22068815998;1961.233666666667;65.0;22406
srv1;2025-10-10 23:20:51;97.8;27.3408203125;26.669921875;25.455078125;44.8;16435757056;7355985920;0.0;2147479552;0;3.2;993262940160;30278815744;912453615616;332599270;22400195236;2066.6655;65.0;22467
srv1;2025-10-10 23:21:52;97.3;27.0048828125;26.6669921875;25.5341796875;45.3;16435757056;7442657280;0.0;2147479552;0;3.2;993262940160;30280187904;912452243456;336422333;22793490848;2063.7890833333336;65.0;22528
srv1;2025-10-10 23:22:53;98.0;25.9208984375;26.4443359375;25.53076171875;44.9;16435757056;7375261696;0.0;2147479552;0;3.2;993262940160;30281375744;912451055616;339402457;23089806259;1966.6620833333336;65.0;22589
srv1;2025-10-10 23:23:54;97.8;24.55029296875;26.13232421875;25.49169921875;40.2;16435757056;6609793024;0.0;2147479552;0;3.2;993262940160;30283169792;912449261568;344450209;23582299062;1963.2944166666668;65.0;22650
srv1;2025-10-10 23:24:55;97.8;26.34716796875;26.24365234375;25.5634765625;45.1;16435757056;7414120448;0.0;2147479552;0;3.2;993262940160;30284836864;912447594496;349501427;24070637731;1966.6695833333333;65.0;22712
srv1;2025-10-10 23:25:57;97.3;25.20361328125;25.89013671875;25.48095703125;45.0;16435757056;7398899712;0.0;2147479552;0;3.2;993262940160;30286118912;912446312448;352521323;24371534721;1933.3385833333334;64.0;22773
srv1;2025-10-10 23:26:58;97.7;27.9814453125;26.36376953125;25.6611328125;45.2;16435757056;7422967808;0.0;2147479552;0;3.2;993262940160;30287151104;912445280256;356846194;24808510200;2066.6680833333335;65.0;22834
srv1;2025-10-10 23:27:59;98.2;26125;26.2490234375;25.6728515625;45.2;16435757056;7434821632;0.0;2147479552;0;3.2;993262940160;30288437248;912443994112;359695283;25097587267;2066.6671666666666;65.0;22895
srv1;2025-10-10 23:29:00;97.6;25.9365234375;26.16015625;25.6767578125;45.1;16435757056;7404437504;0.0;2147479552;0;3.2;993262940160;30289801216;912442630144;363625490;25497030877;2062.3070000000002;63.0;22956
srv1;2025-10-10 23:30:01;97.6;27.11669921875;26.6455078125;25.88525390625;45.7;16435757056;7506862080;0.0;2147479552;0;3.2;993262940160;30290927616;912441503744;367605976;25908643721;1966.6643333333334;63.0;23017
srv1;2025-10-10 23:31:02;97.6;28.17431640625;27.0341796875;26.06640625;45.8;16435757056;7523852288;0.0;2147479552;0;3.2;993262940160;30292279296;912440152064;370895932;26234685432;1966.6656666666668;65.0;23078
srv1;2025-10-10 23:32:03;96.5;25.51123046875;26.50732421875;25.94970703125;40.1;16435757056;6584066048;0.0;2147479552;0;3.2;993262940160;30294040576;912438390784;374987663;26643406170;1933.3353333333334;63.0;23139
srv1;2025-10-10 23:33:04;97.6;25.14990234375;26.2158203125;25.884765625;45.2;16435757056;7423631360;0.0;2147479552;0;3.2;993262940160;30295568384;912436862976;380280061;27170239147;2066.6658333333335;64.0;23200
srv1;2025-10-10 23:34:05;98.7;25.21630859375;25.9658203125;25.81494140625;45.6;16435757056;7501721600;0.0;2147479552;0;3.2;993262940160;30296850432;912435580928;383625395;27508488220;1966.6698333333336;65.0;23261
srv1;2025-10-10 23:35:06;98.2;26.43115234375;26.0771484375;25.85693359375;45.6;16435757056;7500156928;0.0;2147479552;0;3.2;993262940160;30298312704;912434118656;387094036;27858593791;2066671;66.0;23322
srv1;2025-10-10 23:36:07;97.1;27.140625;26.39013671875;25.98046875;45.7;16435757056;7509852160;0.0;2147479552;0;3.2;993262940160;30300102656;912432328704;390561625;28197625060;2066.6828333333337;64.0;23384
srv1;2025-10-10 23:37:09;98.4;25.517578125;26.18896484375;25.94677734375;45.9;16435757056;7551881216;0.0;2147479552;0;3.2;993262940160;30301646848;912430784512;394403268;28589166664;1966.6648333333335;66.0;23445
