Nome da Maquina,Data da Coleta,Uso de CPU,Load1,Load5,Load15,Uso de RAM,RAM total (bytes),RAM usada (bytes),Uso de Swap,Swap total (bytes),Swap usada (bytes),Uso de Disco,Disco total (bytes),Disco usado (bytes),Disco livre (bytes),Net bytes enviados,Net bytes recebidos,Freq CPU (MHz),Temp CPU (C),Uptime (s),Processo,PID,Usuario,CPU proc (%),MEM proc (%),Threads,RSS (bytes),IO Leitura (bytes),IO Escrita (bytes),Quando foi iniciado,Status,alertaCpu,alertaRam,alertaDisco
LucasRodrigues,2025-10-07 12:59:35,2.4,0.0,0.0,0.0,67.0,16890519552,11311271936,3.4,3489660928,117682175,88.1,509722226688,448872800256,60849426432,4065983,107827067,2000.0,50.0,129697,System Idle Process,0,NT AUTHORITY\SYSTEM,0.0,4.85005803094434e-05,36,8192,0,0,2025-10-06 00:58:12,running,não,sim,não
LucasRodrigues,2025-10-07 12:59:35,2.4,0.0,0.0,0.0,67.0,16890519552,11311271936,3.4,3489660928,117682175,88.1,509722226688,448872800256,60849426432,4065983,107827067,2000.0,50.0,129697,System,4,NT AUTHORITY\SYSTEM,0.0,0.053714392692708564,412,9072640,136935471,666408458,2025-10-06 00:58:12,running,não,sim,não
LucasRodrigues,2025-10-07 12:59:35,2.4,0.0,0.0,0.0,67.0,16890519552,11311271936,3.4,3489660928,117682175,88.1,509722226688,448872800256,60849426432,4065983,107827067,2000.0,50.0,129697,System,188,LUCASRODRIGUES\lucki,0.0,0.3917876877396838,0,66174976,0,0,2025-10-06 00:58:12,stopped,não,sim,não
LucasRodrigues,2025-10-07 12:59:35,2.4,0.0,0.0,0.0,67.0,16890519552,11311271936,3.4,3489660928,117682175,88.1,509722226688,448872800256,60849426432,4065983,107827067,2000.0,50.0,129697,Registry,232,LUCASRODRIGUES\lucki,0.0,0.3527932211708913,4,59588608,9453568,294617088,2025-10-06 00:58:12,running,não,sim,não
LucasRodrigues,2025-10-07 12:59:35,2.4,0.0,0.0,0.0,67.0,16890519552,11311271936,3.4,3489660928,117682175,88.1,509722226688,448872800256,60849426432,4065983,107827067,2000.0,50.0,129697,smss.exe,752,LUCASRODRIGUES\lucki,0.0,0.006644579502393746,3,1122304,2796914,26556,2025-10-06 00:58:14,running,não,sim,não
LucasRodrigues,2025-10-07 12:59:35,2.4,0.0,0.0,0.0,67.0,16890519552,11311271936,3.4,3489660928,117682175,88.1,509722226688,448872800256,60849426432,4065983,107827067,2000.0,50.0,129697,WUDFHost.exe,1080,LUCASRODRIGUES\lucki,0.0,0.0973406646810529,24,16441344,5655771,105244,2025-10-06 00:58:28,running,não,sim,não
LucasRodrigues,2025-10-07 12:59:35,2.4,0.0,0.0,0.0,67.0,16890519552,11311271936,3.4,3489660928,117682175,88.1,509722226688,448872800256,60849426432,4065983,107827067,2000.0,50.0,129697,csrss.exe,1088,LUCASRODRIGUES\lucki,0.0,0.033028895190730954,18,5578752,374031,0,2025-10-06 00:58:25,running,não,sim,não
LucasRodrigues,2025-10-07 12:59:35,2.4,0.0,0.0,0.0,67.0,16890519552,11311271936,3.4,3489660928,117682175,88.1,509722226688,448872800256,60849426432,4065983,107827067,2000.0,50.0,129697,svchost.exe,1100,LUCASRODRIGUES\lucki,0.0,0.046390805065982615,6,7835648,3549,0,2025-10-07 12:59:06,running,não,sim,não
LucasRodrigues,2025-10-07 12:59:35,2.4,0.0,0.0,0.0,67.0,16890519552,11311271936,3.4,3489660928,117682175,88.1,509722226688,448872800256,60849426432,4065983,107827067,2000.0,50.0,129697,wininit.exe,1196,LUCASRODRIGUES\lucki,0.0,0.04081323833039662,1,6893568,24580,0,2025-10-06 00:58:27,running,não,sim,não
LucasRodrigues,2025-10-07 12:59:35,2.4,0.0,0.0,0.0,67.0,16890519552,11311271936,3.4,3489660928,117682175,88.1,509722226688,448872800256,60849426432,4065983,107827067,2000.0,50.0,129697,services.exe,1272,LUCASRODRIGUES\lucki,0.0,0.09622515133393572,14,16252928,483444,160,2025-10-06 00:58:27,running,não,sim,não
LucasRodrigues,2025-10-07 12:59:35,2.4,0.0,0.0,0.0,67.0,16890519552,11311271936,3.4,3489660928,117682175,88.1,509722226688,448872800256,60849426432,4065983,107827067,2000.0,50.0,129697,AcrobatNotificationClient.exe,1296,LUCASRODRIGUES\lucki,0.0,0.02153425765739287,12,3637248,14728,6538,2025-10-07 09:20:40,stopped,não,sim,não
LucasRodrigues,2025-10-07 12:59:35,2.4,0.0,0.0,0.0,67.0,16890519552,11311271936,3.4,3489660928,117682175,88.1,509722226688,448872800256,60849426432,4065983,107827067,2000.0,50.0,129697,powershell.exe,1300,LUCASRODRIGUES\lucki,0.0,0.4420342889402672,17,74661888,362330,6875,2025-10-07 12:30:46,running,não,sim,não
LucasRodrigues,2025-10-07 12:59:35,2.4,0.0,0.0,0.0,67.0,16890519552,11311271936,3.4,3489660928,117682175,88.1,509722226688,448872800256,60849426432,4065983,107827067,2000.0,50.0,129697,LsaIso.exe,1372,LUCASRODRIGUES\lucki,0.0,0.017460208911399627,1,2949120,0,0,2025-10-06 00:58:28,running,não,sim,não
LucasRodrigues,2025-10-07 12:59:35,2.4,0.0,0.0,0.0,67.0,16890519552,11311271936,3.4,3489660928,117682175,88.1,509722226688,448872800256,60849426432,4065983,107827067,2000.0,50.0,129697,lsass.exe,1388,LUCASRODRIGUES\lucki,0.0,0.17940364656463115,16,30302208,17172471,2278886,2025-10-06 00:58:28,running,não,sim,não
LucasRodrigues,2025-10-07 12:59:35,2.4,0.0,0.0,0.0,67.0,16890519552,11311271936,3.4,3489660928,117682175,88.1,509722226688,448872800256,60849426432,4065983,107827067,2000.0,50.0,129697,Code.exe,1484,LUCASRODRIGUES\lucki,0.0,0.3040501379599007,21,51355648,1650935,809904,2025-10-07 09:15:44,running,não,sim,não
LucasRodrigues,2025-10-07 12:59:35,2.4,0.0,0.0,0.0,67.0,16890519552,11311271936,3.4,3489660928,117682175,88.1,509722226688,448872800256,60849426432,4065983,107827067,2000.0,50.0,129697,Locator.exe,1524,LUCASRODRIGUES\lucki,0.0,0.020418744310275672,2,3448832,1649,0,2025-10-06 08:55:40,running,não,sim,não
LucasRodrigues,2025-10-07 12:59:35,2.4,0.0,0.0,0.0,67.0,16890519552,11311271936,3.4,3489660928,117682175,88.1,509722226688,448872800256,60849426432,4065983,107827067,2000.0,50.0,129697,svchost.exe,1532,LUCASRODRIGUES\lucki,0.0,0.2588233468213447,41,43716608,18889962,638976,2025-10-06 00:58:28,running,não,sim,não
LucasRodrigues,2025-10-07 12:59:35,2.4,0.0,0.0,0.0,67.0,16890519552,11311271936,3.4,3489660928,117682175,88.1,509722226688,448872800256,60849426432,4065983,107827067,2000.0,50.0,129697,fontdrvhost.exe,1564,LUCASRODRIGUES\lucki,0.0,0.01796946500464878,5,3035136,0,0,2025-10-06 00:58:28,running,não,sim,não
LucasRodrigues,2025-10-07 12:59:35,2.4,0.0,0.0,0.0,67.0,16890519552,11311271936,3.4,3489660928,117682175,88.1,509722226688,448872800256,60849426432,4065983,107827067,2000.0,50.0,129697,svchost.exe,1584,LUCASRODRIGUES\lucki,0.0,0.06559703486852221,9,11079680,1392,1920,2025-10-06 01:00:37,running,não,sim,não
LucasRodrigues,2025-10-07 12:59:35,2.4,0.0,0.0,0.0,67.0,16890519552,11311271936,3.4,3489660928,117682175,88.1,509722226688,448872800256,60849426432,4065983,107827067,2000.0,50.0,129697,nvcontainer.exe,1620,LUCASRODRIGUES\lucki,0.0,0.3590497960308095,25,60645376,3779062,710530,2025-10-07 00:28:47,running,não,sim,não
LucasRodrigues,2025-10-07 12:59:35,2.4,0.0,0.0,0.0,67.0,16890519552,11311271936,3.4,3489660928,117682175,88.1,509722226688,448872800256,60849426432,4065983,107827067,2000.0,50.0,129697,svchost.exe,1636,LUCASRODRIGUES\lucki,0.0,0.14445897845167716,17,24399872,747819,2003,2025-10-06 00:58:28,running,não,sim,não
LucasRodrigues,2025-10-07 12:59:35,2.4,0.0,0.0,0.0,67.0,16890519552,11311271936,3.4,3489660928,117682175,88.1,509722226688,448872800256,60849426432,4065983,107827067,2000.0,50.0,129697,WUDFHost.exe,1668,LUCASRODRIGUES\lucki,0.0,0.03654518726316561,9,6172672,0,0,2025-10-06 00:58:28,running,não,sim,não
LucasRodrigues,2025-10-07 12:59:35,2.4,0.0,0.0,0.0,67.0,16890519552,11311271936,3.4,3489660928,117682175,88.1,509722226688,448872800256,60849426432,4065983,107827067,2000.0,50.0,129697,svchost.exe,1732,LUCASRODRIGUES\lucki,0.0,0.13177607670075772,13,22257664,13268937,24900103,2025-10-06 00:58:28,running,não,sim,não
LucasRodrigues,2025-10-07 12:59:35,2.4,0.0,0.0,0.0,67.0,16890519552,11311271936,3.4,3489660928,117682175,88.1,509722226688,448872800256,60849426432,4065983,107827067,2000.0,50.0,129697,svchost.exe,1776,LUCASRODRIGUES\lucki,0.0,0.064481521521405,7,10891264,3497,0,2025-10-06 00:58:28,running,não,sim,não
LucasRodrigues,2025-10-07 12:59:35,2.4,0.0,0.0,0.0,67.0,16890519552,11311271936,3.4,3489660928,117682175,88.1,509722226688,448872800256,60849426432,4065983,107827067,2000.0,50.0,129697,svchost.exe,2008,LUCASRODRIGUES\lucki,0.0,0.024129038703948093,3,4075520,0,0,2025-10-06 00:58:28,running,não,sim,não
LucasRodrigues,2025-10-07 12:59:35,2.4,0.0,0.0,0.0,67.0,16890519552,11311271936,3.4,3489660928,117682175,88.1,509722226688,448872800256,60849426432,4065983,107827067,2000.0,50.0,129697,svchost.exe,2020,LUCASRODRIGUES\lucki,0.0,0.07427863874391258,7,12546048,60495,0,2025-10-06 01:00:37,running,não,sim,não
LucasRodrigues,2025-10-07 12:59:35,2.4,0.0,0.0,0.0,67.0,16890519552,11311271936,3.4,3489660928,117682175,88.1,509722226688,448872800256,60849426432,4065983,107827067,2000.0,50.0,129697,svchost.exe,2028,LUCASRODRIGUES\lucki,0.0,0.03065236675556823,3,5177344,0,0,2025-10-06 00:58:28,running,não,sim,não
LucasRodrigues,2025-10-07 12:59:35,2.4,0.0,0.0,0.0,67.0,16890519552,11311271936,3.4,3489660928,117682175,88.1,509722226688,448872800256,60849426432,4065983,107827067,2000.0,50.0,129697,svchost.exe,2052,LUCASRODRIGUES\lucki,0.0,0.07922569793547579,5,13381632,5784,0,2025-10-06 08:57:10,running,não,sim,não
LucasRodrigues,2025-10-07 12:59:35,2.4,0.0,0.0,0.0,67.0,16890519552,11311271936,3.4,3489660928,117682175,88.1,509722226688,448872800256,60849426432,4065983,107827067,2000.0,50.0,129697,svchost.exe,2080,LUCASRODRIGUES\lucki,0.0,0.06765830953167354,6,11427840,0,0,2025-10-06 00:58:28,running,não,sim,não
LucasRodrigues,2025-10-07 12:59:35,2.4,0.0,0.0,0.0,67.0,16890519552,11311271936,3.4,3489660928,117682175,88.1,509722226688,448872800256,60849426432,4065983,107827067,2000.0,50.0,129697,svchost.exe,2088,LUCASRODRIGUES\lucki,0.0,0.08836805732380587,13,14925824,0,0,2025-10-06 00:58:28,running,não,sim,não
LucasRodrigues,2025-10-07 12:59:35,2.4,0.0,0.0,0.0,67.0,16890519552,11311271936,3.4,3489660928,117682175,88.1,509722226688,448872800256,60849426432,4065983,107827067,2000.0,50.0,129697,svchost.exe,2096,LUCASRODRIGUES\lucki,0.0,0.09021107937556473,7,15237120,0,0,2025-10-06 00:58:28,running,não,sim,não
LucasRodrigues,2025-10-07 12:59:35,2.4,0.0,0.0,0.0,67.0,16890519552,11311271936,3.4,3489660928,117682175,88.1,509722226688,448872800256,60849426432,4065983,107827067,2000.0,50.0,129697,svchost.exe,2192,LUCASRODRIGUES\lucki,0.0,0.09052633314757612,17,15290368,6,25146754,2025-10-06 00:58:28,running,não,sim,não
LucasRodrigues,2025-10-07 12:59:35,2.4,0.0,0.0,0.0,67.0,16890519552,11311271936,3.4,3489660928,117682175,88.1,509722226688,448872800256,60849426432,4065983,107827067,2000.0,50.0,129697,svchost.exe,2208,LUCASRODRIGUES\lucki,0.0,0.0637055122364539,9,10760192,0,0,2025-10-06 00:58:28,running,não,sim,não
LucasRodrigues,2025-10-07 12:59:35,2.4,0.0,0.0,0.0,67.0,16890519552,11311271936,3.4,3489660928,117682175,88.1,509722226688,448872800256,60849426432,4065983,107827067,2000.0,50.0,129697,svchost.exe,2216,LUCASRODRIGUES\lucki,0.0,0.07672791804953946,6,12959744,0,0,2025-10-06 00:58:28,running,não,sim,não
LucasRodrigues,2025-10-07 12:59:35,2.4,0.0,0.0,0.0,67.0,16890519552,11311271936,3.4,3489660928,117682175,88.1,509722226688,448872800256,60849426432,4065983,107827067,2000.0,50.0,129697,svchost.exe,2228,LUCASRODRIGUES\lucki,0.0,0.06326900701366892,5,10686464,3711092,4649120,2025-10-06 00:58:28,running,não,sim,não
LucasRodrigues,2025-10-07 12:59:35,2.4,0.0,0.0,0.0,67.0,16890519552,11311271936,3.4,3489660928,117682175,88.1,509722226688,448872800256,60849426432,4065983,107827067,2000.0,50.0,129697,IntelCpHDCPSvc.exe,2348,LUCASRODRIGUES\lucki,0.0,0.03036136327371157,4,5128192,16,16,2025-10-06 00:58:28,running,não,sim,não
LucasRodrigues,2025-10-07 12:59:35,2.4,0.0,0.0,0.0,67.0,16890519552,11311271936,3.4,3489660928,117682175,88.1,509722226688,448872800256,60849426432,4065983,107827067,2000.0,50.0,129697,svchost.exe,2360,LUCASRODRIGUES\lucki,0.0,0.11538288055616586,9,19488768,0,0,2025-10-06 00:58:28,running,não,sim,não
LucasRodrigues,2025-10-07 12:59:35,2.4,0.0,0.0,0.0,67.0,16890519552,11311271936,3.4,3489660928,117682175,88.1,509722226688,448872800256,60849426432,4065983,107827067,2000.0,50.0,129697,svchost.exe,2368,LUCASRODRIGUES\lucki,0.0,0.05725493505529793,12,9670656,0,0,2025-10-06 00:58:28,running,não,sim,não
LucasRodrigues,2025-10-07 12:59:35,2.4,0.0,0.0,0.0,67.0,16890519552,11311271936,3.4,3489660928,117682175,88.1,509722226688,448872800256,60849426432,4065983,107827067,2000.0,50.0,129697,svchost.exe,2424,LUCASRODRIGUES\lucki,0.0,0.06797356330368493,10,11481088,0,0,2025-10-06 00:58:28,running,não,sim,não
LucasRodrigues,2025-10-07 12:59:35,2.4,0.0,0.0,0.0,67.0,16890519552,11311271936,3.4,3489660928,117682175,88.1,509722226688,448872800256,60849426432,4065983,107827067,2000.0,50.0,129697,svchost.exe,2480,LUCASRODRIGUES\lucki,0.0,0.032010383004232645,10,5406720,20614,0,2025-10-06 00:58:28,running,não,sim,não
LucasRodrigues,2025-10-07 12:59:35,2.4,0.0,0.0,0.0,67.0,16890519552,11311271936,3.4,3489660928,117682175,88.1,509722226688,448872800256,60849426432,4065983,107827067,2000.0,50.0,129697,svchost.exe,2612,LUCASRODRIGUES\lucki,0.0,0.1256165030014584,62,21217280,116,160,2025-10-06 00:58:28,running,não,sim,não
LucasRodrigues,2025-10-07 12:59:35,2.4,0.0,0.0,0.0,67.0,16890519552,11311271936,3.4,3489660928,117682175,88.1,509722226688,448872800256,60849426432,4065983,107827067,2000.0,50.0,129697,Nahimic3.exe,2692,LUCASRODRIGUES\lucki,0.0,0.4236283187128334,16,71553024,58696,5920,2025-10-07 09:15:12,stopped,não,sim,não
LucasRodrigues,2025-10-07 12:59:35,2.4,0.0,0.0,0.0,67.0,16890519552,11311271936,3.4,3489660928,117682175,88.1,509722226688,448872800256,60849426432,4065983,107827067,2000.0,50.0,129697,unsecapp.exe,2696,LUCASRODRIGUES\lucki,0.0,0.06048022364587592,2,10215424,0,0,2025-10-07 09:14:37,running,não,sim,não
LucasRodrigues,2025-10-07 12:59:35,2.4,0.0,0.0,0.0,67.0,16890519552,11311271936,3.4,3489660928,117682175,88.1,509722226688,448872800256,60849426432,4065983,107827067,2000.0,50.0,129697,WUDFHost.exe,2700,LUCASRODRIGUES\lucki,0.0,0.06988933622590794,13,11804672,49776,0,2025-10-06 00:58:28,running,não,sim,não
LucasRodrigues,2025-10-07 12:59:35,2.4,0.0,0.0,0.0,67.0,16890519552,11311271936,3.4,3489660928,117682175,88.1,509722226688,448872800256,60849426432,4065983,107827067,2000.0,50.0,129697,msedge.exe,2832,LUCASRODRIGUES\lucki,0.0,0.25125725629307155,26,42438656,1844091,416150,2025-10-07 12:22:40,running,não,sim,não
LucasRodrigues,2025-10-07 12:59:35,2.4,0.0,0.0,0.0,67.0,16890519552,11311271936,3.4,3489660928,117682175,88.1,509722226688,448872800256,60849426432,4065983,107827067,2000.0,50.0,129697,msedge.exe,2848,LUCASRODRIGUES\lucki,0.0,0.07008333854714571,10,11837440,2168,156,2025-10-07 12:22:38,running,não,sim,não
LucasRodrigues,2025-10-07 12:59:35,2.4,0.0,0.0,0.0,67.0,16890519552,11311271936,3.4,3489660928,117682175,88.1,509722226688,448872800256,60849426432,4065983,107827067,2000.0,50.0,129697,svchost.exe,2976,LUCASRODRIGUES\lucki,0.0,0.0635842607856803,16,10739712,3999,0,2025-10-06 00:58:28,running,não,sim,não
LucasRodrigues,2025-10-07 12:59:35,2.4,0.0,0.0,0.0,67.0,16890519552,11311271936,3.4,3489660928,117682175,88.1,509722226688,448872800256,60849426432,4065983,107827067,2000.0,50.0,129697,svchost.exe,3024,LUCASRODRIGUES\lucki,0.0,0.05851595014334346,4,9883648,0,0,2025-10-06 00:58:28,running,não,sim,não
LucasRodrigues,2025-10-07 12:59:35,2.4,0.0,0.0,0.0,67.0,16890519552,11311271936,3.4,3489660928,117682175,88.1,509722226688,448872800256,60849426432,4065983,107827067,2000.0,50.0,129697,MoUsoCoreWorker.exe,3044,LUCASRODRIGUES\lucki,0.0,0.22286016652189244,13,37642240,33195370,3919840,2025-10-07 12:32:29,running,não,sim,não
LucasRodrigues,2025-10-07 12:59:35,2.4,0.0,0.0,0.0,67.0,16890519552,11311271936,3.4,3489660928,117682175,88.1,509722226688,448872800256,60849426432,4065983,107827067,2000.0,50.0,129697,RuntimeBroker.exe,3052,LUCASRODRIGUES\lucki,0.0,0.37374547186457086,38,63127552,703715,348,2025-10-07 09:31:05,running,não,sim,não
LucasRodrigues,2025-10-07 12:59:35,2.4,0.0,0.0,0.0,67.0,16890519552,11311271936,3.4,3489660928,117682175,88.1,509722226688,448872800256,60849426432,4065983,107827067,2000.0,50.0,129697,svchost.exe,3100,LUCASRODRIGUES\lucki,0.0,0.06118348206036286,8,10334208,0,0,2025-10-06 00:58:29,running,não,sim,não
LucasRodrigues,2025-10-07 12:59:35,2.4,0.0,0.0,0.0,67.0,16890519552,11311271936,3.4,3489660928,117682175,88.1,509722226688,448872800256,60849426432,4065983,107827067,2000.0,50.0,129697,svchost.exe,3108,LUCASRODRIGUES\lucki,0.0,0.058685702174426514,8,9912320,482,0,2025-10-06 00:58:29,running,não,sim,não
LucasRodrigues,2025-10-07 12:59:35,2.4,0.0,0.0,0.0,67.0,16890519552,11311271936,3.4,3489660928,117682175,88.1,509722226688,448872800256,60849426432,4065983,107827067,2000.0,50.0,129697,NVDisplay.Container.exe,3116,LUCASRODRIGUES\lucki,0.0,0.23185702416929418,44,39161856,51014573,142341327,2025-10-06 00:58:29,running,não,sim,não
LucasRodrigues,2025-10-07 12:59:35,2.4,0.0,0.0,0.0,67.0,16890519552,11311271936,3.4,3489660928,117682175,88.1,509722226688,448872800256,60849426432,4065983,107827067,2000.0,50.0,129697,svchost.exe,3124,LUCASRODRIGUES\lucki,0.0,0.21737960094692535,9,36716544,235084188,32109168,2025-10-06 00:58:29,running,não,sim,não
LucasRodrigues,2025-10-07 12:59:35,2.4,0.0,0.0,0.0,67.0,16890519552,11311271936,3.4,3489660928,117682175,88.1,509722226688,448872800256,60849426432,4065983,107827067,2000.0,50.0,129697,WUDFHost.exe,3164,LUCASRODRIGUES\lucki,0.0,0.04997984800888143,9,8441856,0,0,2025-10-06 00:58:29,running,não,sim,não
LucasRodrigues,2025-10-07 12:59:35,2.4,0.0,0.0,0.0,67.0,16890519552,11311271936,3.4,3489660928,117682175,88.1,509722226688,448872800256,60849426432,4065983,107827067,2000.0,50.0,129697,msedge.exe,3264,LUCASRODRIGUES\lucki,0.0,0.12025718887726491,11,20312064,64067,24194,2025-10-07 12:22:40,running,não,sim,não
LucasRodrigues,2025-10-07 12:59:35,2.4,0.0,0.0,0.0,67.0,16890519552,11311271936,3.4,3489660928,117682175,88.1,509722226688,448872800256,60849426432,4065983,107827067,2000.0,50.0,129697,svchost.exe,3272,LUCASRODRIGUES\lucki,0.0,0.15500785466898112,13,26181632,1695176688,42222864,2025-10-06 00:58:29,running,não,sim,não
LucasRodrigues,2025-10-07 12:59:35,2.4,0.0,0.0,0.0,67.0,16890519552,11311271936,3.4,3489660928,117682175,88.1,509722226688,448872800256,60849426432,4065983,107827067,2000.0,50.0,129697,SystemNotificationPlugin.exe,3288,LUCASRODRIGUES\lucki,0.0,0.22140514911260914,19,37396480,153322,0,2025-10-06 00:59:43,running,não,sim,não
LucasRodrigues,2025-10-07 12:59:35,2.4,0.0,0.0,0.0,67.0,16890519552,11311271936,3.4,3489660928,117682175,88.1,509722226688,448872800256,60849426432,4065983,107827067,2000.0,50.0,129697,taskhostw.exe,3292,LUCASRODRIGUES\lucki,0.0,0.14331921481440527,8,24207360,1708032,9109504,2025-10-07 09:14:36,running,não,sim,não
LucasRodrigues,2025-10-07 12:59:35,2.4,0.0,0.0,0.0,67.0,16890519552,11311271936,3.4,3489660928,117682175,88.1,509722226688,448872800256,60849426432,4065983,107827067,2000.0,50.0,129697,svchost.exe,3308,LUCASRODRIGUES\lucki,0.0,0.11514037765461864,6,19447808,1241368,43167952,2025-10-06 00:58:29,running,não,sim,não
LucasRodrigues,2025-10-07 12:59:35,2.4,0.0,0.0,0.0,67.0,16890519552,11311271936,3.4,3489660928,117682175,88.1,509722226688,448872800256,60849426432,4065983,107827067,2000.0,50.0,129697,svchost.exe,3316,LUCASRODRIGUES\lucki,0.0,0.033368399252897064,4,5636096,0,0,2025-10-06 00:58:29,running,não,sim,não
LucasRodrigues,2025-10-07 12:59:35,2.4,0.0,0.0,0.0,67.0,16890519552,11311271936,3.4,3489660928,117682175,88.1,509722226688,448872800256,60849426432,4065983,107827067,2000.0,50.0,129697,svchost.exe,3324,LUCASRODRIGUES\lucki,0.0,0.05160461744924778,8,8716288,754,0,2025-10-06 00:58:29,running,não,sim,não
LucasRodrigues,2025-10-07 12:59:35,2.4,0.0,0.0,0.0,67.0,16890519552,11311271936,3.4,3489660928,117682175,88.1,509722226688,448872800256,60849426432,4065983,107827067,2000.0,50.0,129697,MemCompression,3412,LUCASRODRIGUES\lucki,0.0,2.8940781276447973,82,488824832,0,0,2025-10-06 00:58:29,running,não,sim,não
LucasRodrigues,2025-10-07 12:59:35,2.4,0.0,0.0,0.0,67.0,16890519552,11311271936,3.4,3489660928,117682175,88.1,509722226688,448872800256,60849426432,4065983,107827067,2000.0,50.0,129697,svchost.exe,3464,LUCASRODRIGUES\lucki,0.0,0.067270304889198,6,11362304,54244,0,2025-10-06 00:58:29,running,não,sim,não
LucasRodrigues,2025-10-07 12:59:35,2.4,0.0,0.0,0.0,67.0,16890519552,11311271936,3.4,3489660928,117682175,88.1,509722226688,448872800256,60849426432,4065983,107827067,2000.0,50.0,129697,WmiApSrv.exe,3480,LUCASRODRIGUES\lucki,0.0,0.045372292879484306,4,7663616,4851,0,2025-10-06 08:55:42,running,não,sim,não
LucasRodrigues,2025-10-07 12:59:35,2.4,0.0,0.0,0.0,67.0,16890519552,11311271936,3.4,3489660928,117682175,88.1,509722226688,448872800256,60849426432,4065983,107827067,2000.0,50.0,129697,svchost.exe,3500,LUCASRODRIGUES\lucki,0.0,0.08356649987317098,11,14114816,0,0,2025-10-06 00:58:29,running,não,sim,não
LucasRodrigues,2025-10-07 12:59:35,2.4,0.0,0.0,0.0,67.0,16890519552,11311271936,3.4,3489660928,117682175,88.1,509722226688,448872800256,60849426432,4065983,107827067,2000.0,50.0,129697,svchost.exe,3508,LUCASRODRIGUES\lucki,0.0,0.06375401281676335,5,10768384,0,314,2025-10-06 00:58:29,running,não,sim,não
LucasRodrigues,2025-10-07 12:59:35,2.4,0.0,0.0,0.0,67.0,16890519552,11311271936,3.4,3489660928,117682175,88.1,509722226688,448872800256,60849426432,4065983,107827067,2000.0,50.0,129697,svchost.exe,3580,LUCASRODRIGUES\lucki,0.0,0.10607076913675272,11,17915904,0,0,2025-10-06 00:58:29,running,não,sim,não
LucasRodrigues,2025-10-07 12:59:35,2.4,0.0,0.0,0.0,67.0,16890519552,11311271936,3.4,3489660928,117682175,88.1,509722226688,448872800256,60849426432,4065983,107827067,2000.0,50.0,129697,LenovoVantage-(GenericMessagingAddin).exe,3600,LUCASRODRIGUES\lucki,0.0,0.03283489286949318,11,5545984,957023,1364,2025-10-07 09:19:36,running,não,sim,não
LucasRodrigues,2025-10-07 12:59:35,2.4,0.0,0.0,0.0,67.0,16890519552,11311271936,3.4,3489660928,117682175,88.1,509722226688,448872800256,60849426432,4065983,107827067,2000.0,50.0,129697,svchost.exe,3620,LUCASRODRIGUES\lucki,0.0,0.0481610762472773,6,8134656,0,0,2025-10-06 00:58:29,running,não,sim,não
LucasRodrigues,2025-10-07 12:59:35,2.4,0.0,0.0,0.0,67.0,16890519552,11311271936,3.4,3489660928,117682175,88.1,509722226688,448872800256,60849426432,4065983,107827067,2000.0,50.0,129697,svchost.exe,3648,LUCASRODRIGUES\lucki,0.0,0.0653787822571297,20,11042816,0,0,2025-10-06 00:58:29,running,não,sim,não
LucasRodrigues,2025-10-07 12:59:35,2.4,0.0,0.0,0.0,67.0,16890519552,11311271936,3.4,3489660928,117682175,88.1,509722226688,448872800256,60849426432,4065983,107827067,2000.0,50.0,129697,svchost.exe,3872,LUCASRODRIGUES\lucki,0.0,0.07231436524138012,7,12214272,0,0,2025-10-06 00:58:29,running,não,sim,não
LucasRodrigues,2025-10-07 12:59:35,2.4,0.0,0.0,0.0,67.0,16890519552,11311271936,3.4,3489660928,117682175,88.1,509722226688,448872800256,60849426432,4065983,107827067,2000.0,50.0,129697,svchost.exe,3880,LUCASRODRIGUES\lucki,0.0,0.05487840662013521,10,9269248,0,0,2025-10-06 00:58:29,running,não,sim,não
LucasRodrigues,2025-10-07 12:59:35,2.4,0.0,0.0,0.0,67.0,16890519552,11311271936,3.4,3489660928,117682175,88.1,509722226688,448872800256,60849426432,4065983,107827067,2000.0,50.0,129697,conhost.exe,3896,LUCASRODRIGUES\lucki,0.0,0.04117699268271745,4,6955008,1524,0,2025-10-06 00:59:43,running,não,sim,não
LucasRodrigues,2025-10-07 12:59:35,2.4,0.0,0.0,0.0,67.0,16890519552,11311271936,3.4,3489660928,117682175,88.1,509722226688,448872800256,60849426432,4065983,107827067,2000.0,50.0,129697,svchost.exe,4048,LUCASRODRIGUES\lucki,0.0,0.04917958843377561,11,8306688,0,0,2025-10-06 00:58:29,running,não,sim,não
LucasRodrigues,2025-10-07 12:59:35,2.4,0.0,0.0,0.0,67.0,16890519552,11311271936,3.4,3489660928,117682175,88.1,509722226688,448872800256,60849426432,4065983,107827067,2000.0,50.0,129697,svchost.exe,4136,LUCASRODRIGUES\lucki,0.0,0.0797834546090344,17,13475840,7920,320,2025-10-06 00:58:52,running,não,sim,não
LucasRodrigues,2025-10-07 12:59:35,2.4,0.0,0.0,0.0,67.0,16890519552,11311271936,3.4,3489660928,117682175,88.1,509722226688,448872800256,60849426432,4065983,107827067,2000.0,50.0,129697,WUDFHost.exe,4192,LUCASRODRIGUES\lucki,0.0,0.03365940273475372,7,5685248,0,0,2025-10-06 00:58:29,running,não,sim,não
LucasRodrigues,2025-10-07 12:59:35,2.4,0.0,0.0,0.0,67.0,16890519552,11311271936,3.4,3489660928,117682175,88.1,509722226688,448872800256,60849426432,4065983,107827067,2000.0,50.0,129697,svchost.exe,4280,LUCASRODRIGUES\lucki,0.0,0.035696427107750346,4,6029312,0,0,2025-10-06 00:58:29,running,não,sim,não
LucasRodrigues,2025-10-07 12:59:35,2.4,0.0,0.0,0.0,67.0,16890519552,11311271936,3.4,3489660928,117682175,88.1,509722226688,448872800256,60849426432,4065983,107827067,2000.0,50.0,129697,svchost.exe,4416,LUCASRODRIGUES\lucki,0.0,0.0457117969416504,10,7720960,0,0,2025-10-06 00:58:35,running,não,sim,não
LucasRodrigues,2025-10-07 12:59:35,2.4,0.0,0.0,0.0,67.0,16890519552,11311271936,3.4,3489660928,117682175,88.1,509722226688,448872800256,60849426432,4065983,107827067,2000.0,50.0,129697,svchost.exe,4448,LUCASRODRIGUES\lucki,0.0,0.18556322026393046,25,31342592,116,32928,2025-10-06 00:58:29,running,não,sim,não
LucasRodrigues,2025-10-07 12:59:35,2.4,0.0,0.0,0.0,67.0,16890519552,11311271936,3.4,3489660928,117682175,88.1,509722226688,448872800256,60849426432,4065983,107827067,2000.0,50.0,129697,conhost.exe,4456,LUCASRODRIGUES\lucki,0.0,0.048427829438979234,4,8179712,1524,0,2025-10-06 00:59:43,running,não,sim,não
LucasRodrigues,2025-10-07 12:59:35,2.4,0.0,0.0,0.0,67.0,16890519552,11311271936,3.4,3489660928,117682175,88.1,509722226688,448872800256,60849426432,4065983,107827067,2000.0,50.0,129697,svchost.exe,4480,LUCASRODRIGUES\lucki,0.0,0.13507411616179987,18,22814720,338271,320,2025-10-06 00:58:29,running,não,sim,não
LucasRodrigues,2025-10-07 12:59:35,2.4,0.0,0.0,0.0,67.0,16890519552,11311271936,3.4,3489660928,117682175,88.1,509722226688,448872800256,60849426432,4065983,107827067,2000.0,50.0,129697,opera.exe,4500,LUCASRODRIGUES\lucki,0.0,0.18420520401526602,13,31113216,673046,566296,2025-10-07 09:15:30,running,não,sim,não
LucasRodrigues,2025-10-07 12:59:35,2.4,0.0,0.0,0.0,67.0,16890519552,11311271936,3.4,3489660928,117682175,88.1,509722226688,448872800256,60849426432,4065983,107827067,2000.0,50.0,129697,svchost.exe,4520,LUCASRODRIGUES\lucki,0.0,0.0968799091681132,9,16363520,8388608,0,2025-10-06 00:58:29,running,não,sim,não
LucasRodrigues,2025-10-07 12:59:35,2.4,0.0,0.0,0.0,67.0,16890519552,11311271936,3.4,3489660928,117682175,88.1,509722226688,448872800256,60849426432,4065983,107827067,2000.0,50.0,129697,svchost.exe,4604,LUCASRODRIGUES\lucki,0.0,0.034968918403108694,1,5906432,0,0,2025-10-06 00:58:30,running,não,sim,não
LucasRodrigues,2025-10-07 12:59:35,2.4,0.0,0.0,0.0,67.0,16890519552,11311271936,3.4,3489660928,117682175,88.1,509722226688,448872800256,60849426432,4065983,107827067,2000.0,50.0,129697,spoolsv.exe,4688,LUCASRODRIGUES\lucki,0.0,0.0970981617795057,9,16400384,232,320,2025-10-06 00:58:30,running,não,sim,não
LucasRodrigues,2025-10-07 12:59:35,2.4,0.0,0.0,0.0,67.0,16890519552,11311271936,3.4,3489660928,117682175,88.1,509722226688,448872800256,60849426432,4065983,107827067,2000.0,50.0,129697,WUDFHost.exe,4696,LUCASRODRIGUES\lucki,0.0,0.03591467971914284,6,6066176,0,0,2025-10-06 00:58:30,running,não,sim,não
LucasRodrigues,2025-10-07 12:59:35,2.4,0.0,0.0,0.0,67.0,16890519552,11311271936,3.4,3489660928,117682175,88.1,509722226688,448872800256,60849426432,4065983,107827067,2000.0,50.0,129697,OneApp.IGCC.WinService.exe,4768,LUCASRODRIGUES\lucki,0.0,0.14785401907333823,7,24973312,184498,3741,2025-10-06 00:58:30,running,não,sim,não
LucasRodrigues,2025-10-07 12:59:35,2.4,0.0,0.0,0.0,67.0,16890519552,11311271936,3.4,3489660928,117682175,88.1,509722226688,448872800256,60849426432,4065983,107827067,2000.0,50.0,129697,svchost.exe,4772,LUCASRODRIGUES\lucki,0.0,0.07245986698230844,11,12238848,116,160,2025-10-06 00:58:30,running,não,sim,não
LucasRodrigues,2025-10-07 12:59:35,2.4,0.0,0.0,0.0,67.0,16890519552,11311271936,3.4,3489660928,117682175,88.1,509722226688,448872800256,60849426432,4065983,107827067,2000.0,50.0,129697,svchost.exe,4792,LUCASRODRIGUES\lucki,0.0,0.04209850370859688,4,7110656,0,0,2025-10-06 00:58:30,running,não,sim,não
LucasRodrigues,2025-10-07 12:59:35,2.4,0.0,0.0,0.0,67.0,16890519552,11311271936,3.4,3489660928,117682175,88.1,509722226688,448872800256,60849426432,4065983,107827067,2000.0,50.0,129697,WmiPrvSE.exe,4820,LUCASRODRIGUES\lucki,0.0,0.13369184962298072,9,22581248,2638402,46732,2025-10-07 12:16:16,running,não,sim,não
LucasRodrigues,2025-10-07 12:59:35,2.4,0.0,0.0,0.0,67.0,16890519552,11311271936,3.4,3489660928,117682175,88.1,509722226688,448872800256,60849426432,4065983,107827067,2000.0,50.0,129697,svchost.exe,4932,LUCASRODRIGUES\lucki,0.0,0.04757906928356398,7,8036352,4057164,3599028,2025-10-06 00:58:30,running,não,sim,não
LucasRodrigues,2025-10-07 12:59:35,2.4,0.0,0.0,0.0,67.0,16890519552,11311271936,3.4,3489660928,117682175,88.1,509722226688,448872800256,60849426432,4065983,107827067,2000.0,50.0,129697,svchost.exe,5032,LUCASRODRIGUES\lucki,0.0,0.33285948266371007,22,56221696,865117044,202002682,2025-10-06 00:58:30,running,não,sim,não
LucasRodrigues,2025-10-07 12:59:35,2.4,0.0,0.0,0.0,67.0,16890519552,11311271936,3.4,3489660928,117682175,88.1,509722226688,448872800256,60849426432,4065983,107827067,2000.0,50.0,129697,svchost.exe,5048,LUCASRODRIGUES\lucki,0.0,0.04609980158412595,5,7786496,0,0,2025-10-06 00:58:30,running,não,sim,não
LucasRodrigues,2025-10-07 12:59:35,2.4,0.0,0.0,0.0,67.0,16890519552,11311271936,3.4,3489660928,117682175,88.1,509722226688,448872800256,60849426432,4065983,107827067,2000.0,50.0,129697,svchost.exe,5080,LUCASRODRIGUES\lucki,0.0,0.18507821446083603,15,31260672,97256456,3182,2025-10-06 00:58:36,running,não,sim,não
LucasRodrigues,2025-10-07 12:59:35,2.4,0.0,0.0,0.0,67.0,16890519552,11311271936,3.4,3489660928,117682175,88.1,509722226688,448872800256,60849426432,4065983,107827067,2000.0,50.0,129697,svchost.exe,5112,LUCASRODRIGUES\lucki,0.0,0.3139927569233366,19,53035008,119315690,13157119,2025-10-06 00:58:30,running,não,sim,não
LucasRodrigues,2025-10-07 12:59:35,2.4,0.0,0.0,0.0,67.0,16890519552,11311271936,3.4,3489660928,117682175,88.1,509722226688,448872800256,60849426432,4065983,107827067,2000.0,50.0,129697,svchost.exe,5128,LUCASRODRIGUES\lucki,0.0,0.054053896754874674,7,9129984,0,150986,2025-10-06 00:58:30,running,não,sim,não
LucasRodrigues,2025-10-07 12:59:35,2.4,0.0,0.0,0.0,67.0,16890519552,11311271936,3.4,3489660928,117682175,88.1,509722226688,448872800256,60849426432,4065983,107827067,2000.0,50.0,129697,svchost.exe,5144,LUCASRODRIGUES\lucki,0.0,0.03467791492125204,3,5857280,1024,0,2025-10-06 00:58:30,running,não,sim,não
LucasRodrigues,2025-10-07 12:59:35,2.4,0.0,0.0,0.0,67.0,16890519552,11311271936,3.4,3489660928,117682175,88.1,509722226688,448872800256,60849426432,4065983,107827067,2000.0,50.0,129697,FMService64.exe,5152,LUCASRODRIGUES\lucki,0.0,0.059607213200305945,10,10067968,56832,0,2025-10-06 00:58:30,running,não,sim,não
LucasRodrigues,2025-10-07 12:59:35,2.4,0.0,0.0,0.0,67.0,16890519552,11311271936,3.4,3489660928,117682175,88.1,509722226688,448872800256,60849426432,4065983,107827067,2000.0,50.0,129697,svchost.exe,5168,LUCASRODRIGUES\lucki,0.0,0.1682970136737686,14,28426240,2180034,9998096,2025-10-06 00:58:30,running,não,sim,não
LucasRodrigues,2025-10-07 12:59:35,2.4,0.0,0.0,0.0,67.0,16890519552,11311271936,3.4,3489660928,117682175,88.1,509722226688,448872800256,60849426432,4065983,107827067,2000.0,50.0,129697,svchost.exe,5176,LUCASRODRIGUES\lucki,0.0,0.16267094635787316,27,27475968,99491426,1396656,2025-10-06 00:58:30,running,não,sim,não
LucasRodrigues,2025-10-07 12:59:35,2.4,0.0,0.0,0.0,67.0,16890519552,11311271936,3.4,3489660928,117682175,88.1,509722226688,448872800256,60849426432,4065983,107827067,2000.0,50.0,129697,NahimicService.exe,5200,LUCASRODRIGUES\lucki,0.0,0.19194104657462227,31,32419840,100648490,6847,2025-10-06 00:58:30,running,não,sim,não
LucasRodrigues,2025-10-07 12:59:35,2.4,0.0,0.0,0.0,67.0,16890519552,11311271936,3.4,3489660928,117682175,88.1,509722226688,448872800256,60849426432,4065983,107827067,2000.0,50.0,129697,nvcontainer.exe,5208,LUCASRODRIGUES\lucki,0.0,0.20268392511316397,36,34234368,18191053,6445268,2025-10-06 00:58:30,running,não,sim,não
LucasRodrigues,2025-10-07 12:59:35,2.4,0.0,0.0,0.0,67.0,16890519552,11311271936,3.4,3489660928,117682175,88.1,509722226688,448872800256,60849426432,4065983,107827067,2000.0,50.0,129697,Lenovo.Modern.ImController.exe,5252,LUCASRODRIGUES\lucki,0.0,0.2617091313497566,26,44204032,931729,223347,2025-10-06 00:58:30,running,não,sim,não
LucasRodrigues,2025-10-07 12:59:35,2.4,0.0,0.0,0.0,67.0,16890519552,11311271936,3.4,3489660928,117682175,88.1,509722226688,448872800256,60849426432,4065983,107827067,2000.0,50.0,129697,LenovoUtilityService.exe,5260,LUCASRODRIGUES\lucki,0.0,0.09324236564490494,11,15749120,64167132,3612672,2025-10-06 00:58:30,running,não,sim,não
LucasRodrigues,2025-10-07 12:59:35,2.4,0.0,0.0,0.0,67.0,16890519552,11311271936,3.4,3489660928,117682175,88.1,509722226688,448872800256,60849426432,4065983,107827067,2000.0,50.0,129697,IntelAudioService.exe,5268,LUCASRODRIGUES\lucki,0.0,0.12411298501186566,11,20963328,165742,0,2025-10-06 00:58:30,running,não,sim,não
LucasRodrigues,2025-10-07 12:59:35,2.4,0.0,0.0,0.0,67.0,16890519552,11311271936,3.4,3489660928,117682175,88.1,509722226688,448872800256,60849426432,4065983,107827067,2000.0,50.0,129697,ijplmsvc.exe,5276,LUCASRODRIGUES\lucki,0.0,0.03778195206105641,2,6381568,0,0,2025-10-06 00:58:30,running,não,sim,não
LucasRodrigues,2025-10-07 12:59:35,2.4,0.0,0.0,0.0,67.0,16890519552,11311271936,3.4,3489660928,117682175,88.1,509722226688,448872800256,60849426432,4065983,107827067,2000.0,50.0,129697,WirelessKB850NotificationService.exe,5284,LUCASRODRIGUES\lucki,0.0,0.03930972034080388,2,6639616,0,0,2025-10-06 00:58:30,running,não,sim,não
LucasRodrigues,2025-10-07 12:59:35,2.4,0.0,0.0,0.0,67.0,16890519552,11311271936,3.4,3489660928,117682175,88.1,509722226688,448872800256,60849426432,4065983,107827067,2000.0,50.0,129697,armsvc.exe,5292,LUCASRODRIGUES\lucki,0.0,0.030191611242628518,2,5099520,0,0,2025-10-06 00:58:30,running,não,sim,não
LucasRodrigues,2025-10-07 12:59:35,2.4,0.0,0.0,0.0,67.0,16890519552,11311271936,3.4,3489660928,117682175,88.1,509722226688,448872800256,60849426432,4065983,107827067,2000.0,50.0,129697,jhi_service.exe,5300,LUCASRODRIGUES\lucki,0.0,0.03770920119059225,2,6369280,0,0,2025-10-06 00:58:30,running,não,sim,não
LucasRodrigues,2025-10-07 12:59:35,2.4,0.0,0.0,0.0,67.0,16890519552,11311271936,3.4,3489660928,117682175,88.1,509722226688,448872800256,60849426432,4065983,107827067,2000.0,50.0,129697,RtkAudUService64.exe,5308,LUCASRODRIGUES\lucki,0.0,0.07059259464039487,18,11923456,0,7344128,2025-10-06 00:58:30,running,não,sim,não
LucasRodrigues,2025-10-07 12:59:35,2.4,0.0,0.0,0.0,67.0,16890519552,11311271936,3.4,3489660928,117682175,88.1,509722226688,448872800256,60849426432,4065983,107827067,2000.0,50.0,129697,WMIRegistrationService.exe,5316,LUCASRODRIGUES\lucki,0.0,0.05851595014334346,2,9883648,0,0,2025-10-06 00:58:30,running,não,sim,não
LucasRodrigues,2025-10-07 12:59:35,2.4,0.0,0.0,0.0,67.0,16890519552,11311271936,3.4,3489660928,117682175,88.1,509722226688,448872800256,60849426432,4065983,107827067,2000.0,50.0,129697,UDClientService.exe,5324,LUCASRODRIGUES\lucki,0.0,0.2679899564998295,51,45264896,155032135,32851684,2025-10-06 00:58:30,running,não,sim,não
LucasRodrigues,2025-10-07 12:59:35,2.4,0.0,0.0,0.0,67.0,16890519552,11311271936,3.4,3489660928,117682175,88.1,509722226688,448872800256,60849426432,4065983,107827067,2000.0,50.0,129697,RuntimeBroker.exe,5348,LUCASRODRIGUES\lucki,0.0,0.05546041358384853,4,9367552,6258,0,2025-10-07 09:37:48,running,não,sim,não
LucasRodrigues,2025-10-07 12:59:35,2.4,0.0,0.0,0.0,67.0,16890519552,11311271936,3.4,3489660928,117682175,88.1,509722226688,448872800256,60849426432,4065983,107827067,2000.0,50.0,129697,ipfsvc.exe,5364,LUCASRODRIGUES\lucki,0.0,0.03380490447568205,9,5709824,0,0,2025-10-06 00:58:30,running,não,sim,não
LucasRodrigues,2025-10-07 12:59:35,2.4,0.0,0.0,0.0,67.0,16890519552,11311271936,3.4,3489660928,117682175,88.1,509722226688,448872800256,60849426432,4065983,107827067,2000.0,50.0,129697,LenovoVantageService.exe,5380,LUCASRODRIGUES\lucki,0.0,0.3653548714710372,23,61710336,125893339,434032,2025-10-06 00:58:30,running,não,sim,não
LucasRodrigues,2025-10-07 12:59:35,2.4,0.0,0.0,0.0,67.0,16890519552,11311271936,3.4,3489660928,117682175,88.1,509722226688,448872800256,60849426432,4065983,107827067,2000.0,50.0,129697,MpDefenderCoreService.exe,5400,LUCASRODRIGUES\lucki,0.0,0.13238233395462576,11,22360064,6346987,51433,2025-10-06 00:58:30,running,não,sim,não
LucasRodrigues,2025-10-07 12:59:35,2.4,0.0,0.0,0.0,67.0,16890519552,11311271936,3.4,3489660928,117682175,88.1,509722226688,448872800256,60849426432,4065983,107827067,2000.0,50.0,129697,MsMpEng.exe,5428,LUCASRODRIGUES\lucki,0.0,2.548608494100632,68,430477312,10985832761,1019483411,2025-10-06 00:58:30,running,não,sim,não
LucasRodrigues,2025-10-07 12:59:35,2.4,0.0,0.0,0.0,67.0,16890519552,11311271936,3.4,3489660928,117682175,88.1,509722226688,448872800256,60849426432,4065983,107827067,2000.0,50.0,129697,conhost.exe,5468,LUCASRODRIGUES\lucki,0.0,0.034314160568931204,4,5795840,1524,0,2025-10-06 00:58:30,running,não,sim,não
LucasRodrigues,2025-10-07 12:59:35,2.4,0.0,0.0,0.0,67.0,16890519552,11311271936,3.4,3489660928,117682175,88.1,509722226688,448872800256,60849426432,4065983,107827067,2000.0,50.0,129697,servicehost.exe,5496,LUCASRODRIGUES\lucki,0.0,0.21480907019052484,96,36282368,6367080,1489979,2025-10-06 00:58:30,running,não,sim,não
LucasRodrigues,2025-10-07 12:59:35,2.4,0.0,0.0,0.0,67.0,16890519552,11311271936,3.4,3489660928,117682175,88.1,509722226688,448872800256,60849426432,4065983,107827067,2000.0,50.0,129697,AdobeUpdateService.exe,5512,LUCASRODRIGUES\lucki,0.0,0.04139524529410994,3,6991872,8192,19974,2025-10-06 00:58:30,running,não,sim,não
LucasRodrigues,2025-10-07 12:59:35,2.4,0.0,0.0,0.0,67.0,16890519552,11311271936,3.4,3489660928,117682175,88.1,509722226688,448872800256,60849426432,4065983,107827067,2000.0,50.0,129697,OfficeClickToRun.exe,5700,LUCASRODRIGUES\lucki,0.0,0.3653063708907277,25,61702144,9176335,628866,2025-10-06 00:58:30,running,não,sim,não
LucasRodrigues,2025-10-07 12:59:35,2.4,0.0,0.0,0.0,67.0,16890519552,11311271936,3.4,3489660928,117682175,88.1,509722226688,448872800256,60849426432,4065983,107827067,2000.0,50.0,129697,mysqld.exe,5868,LUCASRODRIGUES\lucki,0.0,0.05434490023673134,3,9179136,64,0,2025-10-06 00:58:30,running,não,sim,não
LucasRodrigues,2025-10-07 12:59:35,2.4,0.0,0.0,0.0,67.0,16890519552,11311271936,3.4,3489660928,117682175,88.1,509722226688,448872800256,60849426432,4065983,107827067,2000.0,50.0,129697,ipf_uf.exe,5876,LUCASRODRIGUES\lucki,0.0,0.040255481656838024,5,6799360,1216,23344,2025-10-06 00:58:30,running,não,sim,não
LucasRodrigues,2025-10-07 12:59:35,2.4,0.0,0.0,0.0,67.0,16890519552,11311271936,3.4,3489660928,117682175,88.1,509722226688,448872800256,60849426432,4065983,107827067,2000.0,50.0,129697,taskhostw.exe,5936,LUCASRODRIGUES\lucki,0.0,0.1453804894775566,10,24555520,166130,94208,2025-10-07 09:14:36,running,não,sim,não
LucasRodrigues,2025-10-07 12:59:35,2.4,0.0,0.0,0.0,67.0,16890519552,11311271936,3.4,3489660928,117682175,88.1,509722226688,448872800256,60849426432,4065983,107827067,2000.0,50.0,129697,svchost.exe,6040,LUCASRODRIGUES\lucki,0.0,0.07173235827766679,5,12115968,2320380,1033,2025-10-07 12:59:06,running,não,sim,não
LucasRodrigues,2025-10-07 12:59:35,2.4,0.0,0.0,0.0,67.0,16890519552,11311271936,3.4,3489660928,117682175,88.1,509722226688,448872800256,60849426432,4065983,107827067,2000.0,50.0,129697,svchost.exe,6432,LUCASRODRIGUES\lucki,0.0,0.05293838340775747,8,8941568,206912,481504,2025-10-06 00:58:30,running,não,sim,não
LucasRodrigues,2025-10-07 12:59:35,2.4,0.0,0.0,0.0,67.0,16890519552,11311271936,3.4,3489660928,117682175,88.1,509722226688,448872800256,60849426432,4065983,107827067,2000.0,50.0,129697,backgroundTaskHost.exe,6504,LUCASRODRIGUES\lucki,0.0,0.012319147398598624,11,2080768,0,0,2025-10-07 09:47:55,stopped,não,sim,não
LucasRodrigues,2025-10-07 12:59:35,2.4,0.0,0.0,0.0,67.0,16890519552,11311271936,3.4,3489660928,117682175,88.1,509722226688,448872800256,60849426432,4065983,107827067,2000.0,50.0,129697,gamingservices.exe,6852,LUCASRODRIGUES\lucki,0.0,0.2721852566965964,57,45973504,10894995,10606272,2025-10-06 00:58:35,running,não,sim,não
LucasRodrigues,2025-10-07 12:59:35,2.4,0.0,0.0,0.0,67.0,16890519552,11311271936,3.4,3489660928,117682175,88.1,509722226688,448872800256,60849426432,4065983,107827067,2000.0,50.0,129697,svchost.exe,6936,LUCASRODRIGUES\lucki,0.0,0.16679349568417587,11,28172288,273928741,133375,2025-10-06 00:58:35,running,não,sim,não
LucasRodrigues,2025-10-07 12:59:35,2.4,0.0,0.0,0.0,67.0,16890519552,11311271936,3.4,3489660928,117682175,88.1,509722226688,448872800256,60849426432,4065983,107827067,2000.0,50.0,129697,opera.exe,7012,LUCASRODRIGUES\lucki,0.0,0.9023290463670397,18,152408064,1113770,869216,2025-10-07 09:15:30,running,não,sim,não
LucasRodrigues,2025-10-07 12:59:35,2.4,0.0,0.0,0.0,67.0,16890519552,11311271936,3.4,3489660928,117682175,88.1,509722226688,448872800256,60849426432,4065983,107827067,2000.0,50.0,129697,mysqld.exe,7148,LUCASRODRIGUES\lucki,0.0,0.2704392358054564,46,45678592,44932313,163806851,2025-10-06 00:58:30,running,não,sim,não
LucasRodrigues,2025-10-07 12:59:35,2.4,0.0,0.0,0.0,67.0,16890519552,11311271936,3.4,3489660928,117682175,88.1,509722226688,448872800256,60849426432,4065983,107827067,2000.0,50.0,129697,svchost.exe,7232,LUCASRODRIGUES\lucki,0.0,0.054951157490599374,11,9281536,0,0,2025-10-06 00:58:33,running,não,sim,não
LucasRodrigues,2025-10-07 12:59:35,2.4,0.0,0.0,0.0,67.0,16890519552,11311271936,3.4,3489660928,117682175,88.1,509722226688,448872800256,60849426432,4065983,107827067,2000.0,50.0,129697,Code.exe,7564,LUCASRODRIGUES\lucki,0.0,0.6777713595343169,25,114479104,2100621,21666564,2025-10-07 09:15:46,running,não,sim,não
LucasRodrigues,2025-10-07 12:59:35,2.4,0.0,0.0,0.0,67.0,16890519552,11311271936,3.4,3489660928,117682175,88.1,509722226688,448872800256,60849426432,4065983,107827067,2000.0,50.0,129697,svchost.exe,8092,LUCASRODRIGUES\lucki,0.0,0.06545153312759387,7,11055104,431237,4317184,2025-10-06 00:58:33,running,não,sim,não
LucasRodrigues,2025-10-07 12:59:35,2.4,0.0,0.0,0.0,67.0,16890519552,11311271936,3.4,3489660928,117682175,88.1,509722226688,448872800256,60849426432,4065983,107827067,2000.0,50.0,129697,WmiPrvSE.exe,8312,LUCASRODRIGUES\lucki,0.0,0.11143008326094622,12,18821120,0,0,2025-10-06 00:58:33,running,não,sim,não
LucasRodrigues,2025-10-07 12:59:35,2.4,0.0,0.0,0.0,67.0,16890519552,11311271936,3.4,3489660928,117682175,88.1,509722226688,448872800256,60849426432,4065983,107827067,2000.0,50.0,129697,MessagingPlugin.exe,8332,LUCASRODRIGUES\lucki,0.0,0.304025887669746,17,51351552,437526,25951,2025-10-07 09:14:38,running,não,sim,não
LucasRodrigues,2025-10-07 12:59:35,2.4,0.0,0.0,0.0,67.0,16890519552,11311271936,3.4,3489660928,117682175,88.1,509722226688,448872800256,60849426432,4065983,107827067,2000.0,50.0,129697,NgcIso.exe,8356,LUCASRODRIGUES\lucki,0.0,0.021146253014917325,3,3571712,0,0,2025-10-06 00:58:33,running,não,sim,não
LucasRodrigues,2025-10-07 12:59:35,2.4,0.0,0.0,0.0,67.0,16890519552,11311271936,3.4,3489660928,117682175,88.1,509722226688,448872800256,60849426432,4065983,107827067,2000.0,50.0,129697,ipf_helper.exe,8476,LUCASRODRIGUES\lucki,0.0,0.05446615168750494,5,9199616,0,96507,2025-10-07 09:14:36,running,não,sim,não
LucasRodrigues,2025-10-07 12:59:35,2.4,0.0,0.0,0.0,67.0,16890519552,11311271936,3.4,3489660928,117682175,88.1,509722226688,448872800256,60849426432,4065983,107827067,2000.0,50.0,129697,svchost.exe,8700,LUCASRODRIGUES\lucki,0.0,0.13917241519794785,16,23506944,60339349,147712042,2025-10-06 00:58:33,running,não,sim,não
LucasRodrigues,2025-10-07 12:59:35,2.4,0.0,0.0,0.0,67.0,16890519552,11311271936,3.4,3489660928,117682175,88.1,509722226688,448872800256,60849426432,4065983,107827067,2000.0,50.0,129697,unsecapp.exe,8744,LUCASRODRIGUES\lucki,0.0,0.05286563253729331,3,8929280,0,0,2025-10-06 00:58:33,running,não,sim,não
LucasRodrigues,2025-10-07 12:59:35,2.4,0.0,0.0,0.0,67.0,16890519552,11311271936,3.4,3489660928,117682175,88.1,509722226688,448872800256,60849426432,4065983,107827067,2000.0,50.0,129697,gamingservicesnet.exe,9148,LUCASRODRIGUES\lucki,0.0,0.049034086692847284,40,8282112,0,0,2025-10-06 00:58:35,running,não,sim,não
LucasRodrigues,2025-10-07 12:59:35,2.4,0.0,0.0,0.0,67.0,16890519552,11311271936,3.4,3489660928,117682175,88.1,509722226688,448872800256,60849426432,4065983,107827067,2000.0,50.0,129697,svchost.exe,9196,LUCASRODRIGUES\lucki,0.0,0.16613873784999839,19,28061696,7079606,856897021,2025-10-06 00:58:35,running,não,sim,não
LucasRodrigues,2025-10-07 12:59:35,2.4,0.0,0.0,0.0,67.0,16890519552,11311271936,3.4,3489660928,117682175,88.1,509722226688,448872800256,60849426432,4065983,107827067,2000.0,50.0,129697,svchost.exe,9200,LUCASRODRIGUES\lucki,0.0,0.049034086692847284,1,8282112,4793,0,2025-10-06 00:58:51,running,não,sim,não
LucasRodrigues,2025-10-07 12:59:35,2.4,0.0,0.0,0.0,67.0,16890519552,11311271936,3.4,3489660928,117682175,88.1,509722226688,448872800256,60849426432,4065983,107827067,2000.0,50.0,129697,IntelGraphicsSoftware.Service.exe,9204,LUCASRODRIGUES\lucki,0.0,0.20178666437743928,16,34082816,196777,0,2025-10-06 00:58:35,running,não,sim,não
LucasRodrigues,2025-10-07 12:59:35,2.4,0.0,0.0,0.0,67.0,16890519552,11311271936,3.4,3489660928,117682175,88.1,509722226688,448872800256,60849426432,4065983,107827067,2000.0,50.0,129697,svchost.exe,9456,LUCASRODRIGUES\lucki,0.0,0.049858596558107815,6,8421376,0,0,2025-10-06 00:58:36,running,não,sim,não
LucasRodrigues,2025-10-07 12:59:35,2.4,0.0,0.0,0.0,67.0,16890519552,11311271936,3.4,3489660928,117682175,88.1,509722226688,448872800256,60849426432,4065983,107827067,2000.0,50.0,129697,wlanext.exe,9476,LUCASRODRIGUES\lucki,0.0,0.03882471453770944,4,6557696,9040,0,2025-10-06 00:58:35,running,não,sim,não
LucasRodrigues,2025-10-07 12:59:35,2.4,0.0,0.0,0.0,67.0,16890519552,11311271936,3.4,3489660928,117682175,88.1,509722226688,448872800256,60849426432,4065983,107827067,2000.0,50.0,129697,opera.exe,9900,LUCASRODRIGUES\lucki,0.0,2.457184900217331,51,415031296,557753851,797787489,2025-10-07 09:15:29,running,não,sim,não
LucasRodrigues,2025-10-07 12:59:35,2.4,0.0,0.0,0.0,67.0,16890519552,11311271936,3.4,3489660928,117682175,88.1,509722226688,448872800256,60849426432,4065983,107827067,2000.0,50.0,129697,AggregatorHost.exe,9904,LUCASRODRIGUES\lucki,0.0,0.0909628383703611,5,15364096,52858649,21068,2025-10-06 00:58:35,running,não,sim,não
LucasRodrigues,2025-10-07 12:59:35,2.4,0.0,0.0,0.0,67.0,16890519552,11311271936,3.4,3489660928,117682175,88.1,509722226688,448872800256,60849426432,4065983,107827067,2000.0,50.0,129697,WUDFHost.exe,9920,LUCASRODRIGUES\lucki,0.0,0.06164423757330257,7,10412032,5416,0,2025-10-07 11:56:55,running,não,sim,não
LucasRodrigues,2025-10-07 12:59:35,2.4,0.0,0.0,0.0,67.0,16890519552,11311271936,3.4,3489660928,117682175,88.1,509722226688,448872800256,60849426432,4065983,107827067,2000.0,50.0,129697,svchost.exe,10032,LUCASRODRIGUES\lucki,0.0,0.14506523570554522,4,24502272,34314,0,2025-10-07 09:14:38,running,não,sim,não
LucasRodrigues,2025-10-07 12:59:35,2.4,0.0,0.0,0.0,67.0,16890519552,11311271936,3.4,3489660928,117682175,88.1,509722226688,448872800256,60849426432,4065983,107827067,2000.0,50.0,129697,svchost.exe,10064,LUCASRODRIGUES\lucki,0.0,0.024274540444876425,2,4100096,0,0,2025-10-06 00:58:36,running,não,sim,não
LucasRodrigues,2025-10-07 12:59:35,2.4,0.0,0.0,0.0,67.0,16890519552,11311271936,3.4,3489660928,117682175,88.1,509722226688,448872800256,60849426432,4065983,107827067,2000.0,50.0,129697,PresentMonService.exe,10196,LUCASRODRIGUES\lucki,0.0,0.04847633001928868,10,8187904,1666718,37,2025-10-06 00:58:35,running,não,sim,não
LucasRodrigues,2025-10-07 12:59:35,2.4,0.0,0.0,0.0,67.0,16890519552,11311271936,3.4,3489660928,117682175,88.1,509722226688,448872800256,60849426432,4065983,107827067,2000.0,50.0,129697,conhost.exe,10204,LUCASRODRIGUES\lucki,0.0,0.02572955785415973,2,4345856,0,0,2025-10-06 00:58:35,running,não,sim,não
LucasRodrigues,2025-10-07 12:59:35,2.4,0.0,0.0,0.0,67.0,16890519552,11311271936,3.4,3489660928,117682175,88.1,509722226688,448872800256,60849426432,4065983,107827067,2000.0,50.0,129697,svchost.exe,10296,LUCASRODRIGUES\lucki,0.0,0.0681675656249227,5,11513856,60224,0,2025-10-06 00:58:36,running,não,sim,não
LucasRodrigues,2025-10-07 12:59:35,2.4,0.0,0.0,0.0,67.0,16890519552,11311271936,3.4,3489660928,117682175,88.1,509722226688,448872800256,60849426432,4065983,107827067,2000.0,50.0,129697,svchost.exe,10360,LUCASRODRIGUES\lucki,0.0,0.2535610338577701,16,42827776,8563888,116989,2025-10-06 00:58:36,running,não,sim,não
LucasRodrigues,2025-10-07 12:59:35,2.4,0.0,0.0,0.0,67.0,16890519552,11311271936,3.4,3489660928,117682175,88.1,509722226688,448872800256,60849426432,4065983,107827067,2000.0,50.0,129697,svchost.exe,10464,LUCASRODRIGUES\lucki,0.0,0.12222146237979736,10,20643840,535127,10202,2025-10-06 00:59:00,running,não,sim,não
LucasRodrigues,2025-10-07 12:59:35,2.4,0.0,0.0,0.0,67.0,16890519552,11311271936,3.4,3489660928,117682175,88.1,509722226688,448872800256,60849426432,4065983,107827067,2000.0,50.0,129697,backgroundTaskHost.exe,11056,LUCASRODRIGUES\lucki,0.0,0.012488899429681675,15,2109440,0,0,2025-10-07 09:47:55,stopped,não,sim,não
LucasRodrigues,2025-10-07 12:59:35,2.4,0.0,0.0,0.0,67.0,16890519552,11311271936,3.4,3489660928,117682175,88.1,509722226688,448872800256,60849426432,4065983,107827067,2000.0,50.0,129697,SecurityHealthService.exe,11076,LUCASRODRIGUES\lucki,0.0,0.14947878851370458,17,25247744,5942986,1406030,2025-10-06 00:59:18,running,não,sim,não
LucasRodrigues,2025-10-07 12:59:35,2.4,0.0,0.0,0.0,67.0,16890519552,11311271936,3.4,3489660928,117682175,88.1,509722226688,448872800256,60849426432,4065983,107827067,2000.0,50.0,129697,SearchIndexer.exe,11180,LUCASRODRIGUES\lucki,0.0,0.23207527678068668,13,39198720,1919805011,29839784,2025-10-06 00:58:38,running,não,sim,não
LucasRodrigues,2025-10-07 12:59:35,2.4,0.0,0.0,0.0,67.0,16890519552,11311271936,3.4,3489660928,117682175,88.1,509722226688,448872800256,60849426432,4065983,107827067,2000.0,50.0,129697,svchost.exe,11288,LUCASRODRIGUES\lucki,0.0,0.15226757188149756,8,25718784,0,0,2025-10-07 09:14:37,running,não,sim,não
LucasRodrigues,2025-10-07 12:59:35,2.4,0.0,0.0,0.0,67.0,16890519552,11311271936,3.4,3489660928,117682175,88.1,509722226688,448872800256,60849426432,4065983,107827067,2000.0,50.0,129697,svchost.exe,11344,LUCASRODRIGUES\lucki,0.0,0.05422364878595773,7,9158656,512,512,2025-10-07 12:32:30,running,não,sim,não
LucasRodrigues,2025-10-07 12:59:35,2.4,0.0,0.0,0.0,67.0,16890519552,11311271936,3.4,3489660928,117682175,88.1,509722226688,448872800256,60849426432,4065983,107827067,2000.0,50.0,129697,msedgewebview2.exe,11524,LUCASRODRIGUES\lucki,0.0,0.2398111193400429,24,40505344,2172784,1041607,2025-10-07 09:14:39,running,não,sim,não
LucasRodrigues,2025-10-07 12:59:35,2.4,0.0,0.0,0.0,67.0,16890519552,11311271936,3.4,3489660928,117682175,88.1,509722226688,448872800256,60849426432,4065983,107827067,2000.0,50.0,129697,NVIDIA Overlay.exe,11676,LUCASRODRIGUES\lucki,0.0,0.3828150803824368,18,64659456,42264995,2423853,2025-10-07 09:14:40,running,não,sim,não
LucasRodrigues,2025-10-07 12:59:35,2.4,0.0,0.0,0.0,67.0,16890519552,11311271936,3.4,3489660928,117682175,88.1,509722226688,448872800256,60849426432,4065983,107827067,2000.0,50.0,129697,opera.exe,11696,LUCASRODRIGUES\lucki,0.0,0.659801894529668,25,111443968,276444259,25027576,2025-10-07 09:15:30,running,não,sim,não
LucasRodrigues,2025-10-07 12:59:35,2.4,0.0,0.0,0.0,67.0,16890519552,11311271936,3.4,3489660928,117682175,88.1,509722226688,448872800256,60849426432,4065983,107827067,2000.0,50.0,129697,svchost.exe,11756,LUCASRODRIGUES\lucki,0.0,0.06947708129327768,5,11735040,0,0,2025-10-07 09:14:36,running,não,sim,não
LucasRodrigues,2025-10-07 12:59:35,2.4,0.0,0.0,0.0,67.0,16890519552,11311271936,3.4,3489660928,117682175,88.1,509722226688,448872800256,60849426432,4065983,107827067,2000.0,50.0,129697,SecurityHealthSystray.exe,11836,LUCASRODRIGUES\lucki,0.0,0.08361500045348043,3,14123008,6638,0,2025-10-07 09:15:07,running,não,sim,não
LucasRodrigues,2025-10-07 12:59:35,2.4,0.0,0.0,0.0,67.0,16890519552,11311271936,3.4,3489660928,117682175,88.1,509722226688,448872800256,60849426432,4065983,107827067,2000.0,50.0,129697,NVIDIA Overlay.exe,12008,LUCASRODRIGUES\lucki,0.0,0.13883291113578175,6,23449600,44530,20024,2025-10-07 09:14:40,running,não,sim,não
LucasRodrigues,2025-10-07 12:59:35,2.4,0.0,0.0,0.0,67.0,16890519552,11311271936,3.4,3489660928,117682175,88.1,509722226688,448872800256,60849426432,4065983,107827067,2000.0,50.0,129697,svchost.exe,12072,LUCASRODRIGUES\lucki,0.0,0.16230719200555235,10,27414528,327232,0,2025-10-06 00:58:39,running,não,sim,não
LucasRodrigues,2025-10-07 12:59:35,2.4,0.0,0.0,0.0,67.0,16890519552,11311271936,3.4,3489660928,117682175,88.1,509722226688,448872800256,60849426432,4065983,107827067,2000.0,50.0,129697,svchost.exe,12172,LUCASRODRIGUES\lucki,0.0,0.08274199000791045,3,13975552,720896,110592,2025-10-06 00:58:39,running,não,sim,não
LucasRodrigues,2025-10-07 12:59:35,2.4,0.0,0.0,0.0,67.0,16890519552,11311271936,3.4,3489660928,117682175,88.1,509722226688,448872800256,60849426432,4065983,107827067,2000.0,50.0,129697,StartMenuExperienceHost.exe,12196,LUCASRODRIGUES\lucki,0.0,0.9882720746753735,18,166924288,4574780,15214,2025-10-07 09:14:38,running,não,sim,não
LucasRodrigues,2025-10-07 12:59:35,2.4,0.0,0.0,0.0,67.0,16890519552,11311271936,3.4,3489660928,117682175,88.1,509722226688,448872800256,60849426432,4065983,107827067,2000.0,50.0,129697,conhost.exe,12272,LUCASRODRIGUES\lucki,0.0,0.061522986122528954,5,10391552,351,1209,2025-10-07 12:30:46,running,não,sim,não
LucasRodrigues,2025-10-07 12:59:35,2.4,0.0,0.0,0.0,67.0,16890519552,11311271936,3.4,3489660928,117682175,88.1,509722226688,448872800256,60849426432,4065983,107827067,2000.0,50.0,129697,LenovoVantage-(GenericTelemetryAddin).exe,12292,LUCASRODRIGUES\lucki,0.0,0.02393503638271032,25,4042752,433768,117944,2025-10-07 12:59:11,running,não,sim,não
LucasRodrigues,2025-10-07 12:59:35,2.4,0.0,0.0,0.0,67.0,16890519552,11311271936,3.4,3489660928,117682175,88.1,509722226688,448872800256,60849426432,4065983,107827067,2000.0,50.0,129697,conhost.exe,12416,LUCASRODRIGUES\lucki,0.0,0.04430528011267655,2,7483392,0,0,2025-10-07 09:15:47,running,não,sim,não
LucasRodrigues,2025-10-07 12:59:35,2.4,0.0,0.0,0.0,67.0,16890519552,11311271936,3.4,3489660928,117682175,88.1,509722226688,448872800256,60849426432,4065983,107827067,2000.0,50.0,129697,svchost.exe,12644,LUCASRODRIGUES\lucki,0.0,0.06690655053687718,5,11300864,0,0,2025-10-07 09:14:36,running,não,sim,não
LucasRodrigues,2025-10-07 12:59:35,2.4,0.0,0.0,0.0,67.0,16890519552,11311271936,3.4,3489660928,117682175,88.1,509722226688,448872800256,60849426432,4065983,107827067,2000.0,50.0,129697,svchost.exe,12892,LUCASRODRIGUES\lucki,0.0,0.15280107826490144,20,25808896,38014,70109,2025-10-06 00:58:39,running,não,sim,não
LucasRodrigues,2025-10-07 12:59:35,2.4,0.0,0.0,0.0,67.0,16890519552,11311271936,3.4,3489660928,117682175,88.1,509722226688,448872800256,60849426432,4065983,107827067,2000.0,50.0,129697,opera.exe,13008,LUCASRODRIGUES\lucki,0.0,0.8967514796314537,20,151465984,935066,993273,2025-10-07 09:21:54,running,não,sim,não
LucasRodrigues,2025-10-07 12:59:35,2.4,0.0,0.0,0.0,67.0,16890519552,11311271936,3.4,3489660928,117682175,88.1,509722226688,448872800256,60849426432,4065983,107827067,2000.0,50.0,129697,AppProvisioningPlugin.exe,13148,LUCASRODRIGUES\lucki,0.0,0.15292232971567504,12,25829376,64306,0,2025-10-06 00:59:43,running,não,sim,não
LucasRodrigues,2025-10-07 12:59:35,2.4,0.0,0.0,0.0,67.0,16890519552,11311271936,3.4,3489660928,117682175,88.1,509722226688,448872800256,60849426432,4065983,107827067,2000.0,50.0,129697,dwm.exe,13160,LUCASRODRIGUES\lucki,0.0,0.8366592606280534,26,141316096,3261465,490,2025-10-07 00:28:44,running,não,sim,não
LucasRodrigues,2025-10-07 12:59:35,2.4,0.0,0.0,0.0,67.0,16890519552,11311271936,3.4,3489660928,117682175,88.1,509722226688,448872800256,60849426432,4065983,107827067,2000.0,50.0,129697,opera.exe,13192,LUCASRODRIGUES\lucki,0.0,0.31556902578339346,25,53301248,42910263,135473841,2025-10-07 09:15:30,running,não,sim,não
LucasRodrigues,2025-10-07 12:59:35,2.4,0.0,0.0,0.0,67.0,16890519552,11311271936,3.4,3489660928,117682175,88.1,509722226688,448872800256,60849426432,4065983,107827067,2000.0,50.0,129697,PhoneExperienceHost.exe,13316,LUCASRODRIGUES\lucki,0.0,1.0006639729444362,18,169017344,15547300,56408,2025-10-07 09:14:44,running,não,sim,não
LucasRodrigues,2025-10-07 12:59:35,2.4,0.0,0.0,0.0,67.0,16890519552,11311271936,3.4,3489660928,117682175,88.1,509722226688,448872800256,60849426432,4065983,107827067,2000.0,50.0,129697,conhost.exe,13344,LUCASRODRIGUES\lucki,0.0,0.044838786496080425,2,7573504,0,0,2025-10-07 09:14:39,running,não,sim,não
LucasRodrigues,2025-10-07 12:59:35,2.4,0.0,0.0,0.0,67.0,16890519552,11311271936,3.4,3489660928,117682175,88.1,509722226688,448872800256,60849426432,4065983,107827067,2000.0,50.0,129697,Code.exe,13388,LUCASRODRIGUES\lucki,0.0,1.8447438223598345,23,311586816,215455035,308389559,2025-10-07 09:15:44,running,não,sim,não
LucasRodrigues,2025-10-07 12:59:35,2.4,0.0,0.0,0.0,67.0,16890519552,11311271936,3.4,3489660928,117682175,88.1,509722226688,448872800256,60849426432,4065983,107827067,2000.0,50.0,129697,NisSrv.exe,13644,LUCASRODRIGUES\lucki,0.0,0.06688230024672245,9,11296768,0,0,2025-10-06 00:58:40,running,não,sim,não
LucasRodrigues,2025-10-07 12:59:35,2.4,0.0,0.0,0.0,67.0,16890519552,11311271936,3.4,3489660928,117682175,88.1,509722226688,448872800256,60849426432,4065983,107827067,2000.0,50.0,129697,backgroundTaskHost.exe,13720,LUCASRODRIGUES\lucki,0.0,0.36465161305655025,20,61591552,1397516,82384,2025-10-07 12:59:04,stopped,não,sim,não
LucasRodrigues,2025-10-07 12:59:35,2.4,0.0,0.0,0.0,67.0,16890519552,11311271936,3.4,3489660928,117682175,88.1,509722226688,448872800256,60849426432,4065983,107827067,2000.0,50.0,129697,opera.exe,13832,LUCASRODRIGUES\lucki,0.0,0.21362080597294347,12,36081664,400008,10848,2025-10-07 12:59:08,running,não,sim,não
LucasRodrigues,2025-10-07 12:59:35,2.4,0.0,0.0,0.0,67.0,16890519552,11311271936,3.4,3489660928,117682175,88.1,509722226688,448872800256,60849426432,4065983,107827067,2000.0,50.0,129697,powershell.exe,13836,LUCASRODRIGUES\lucki,0.0,0.3928061999261821,12,66347008,357542,120,2025-10-07 09:15:48,running,não,sim,não
LucasRodrigues,2025-10-07 12:59:35,2.4,0.0,0.0,0.0,67.0,16890519552,11311271936,3.4,3489660928,117682175,88.1,509722226688,448872800256,60849426432,4065983,107827067,2000.0,50.0,129697,BraveCrashHandler64.exe,13840,LUCASRODRIGUES\lucki,0.0,0.007541840238118449,3,1273856,1032,720,2025-10-06 00:58:44,running,não,sim,não
LucasRodrigues,2025-10-07 12:59:35,2.4,0.0,0.0,0.0,67.0,16890519552,11311271936,3.4,3489660928,117682175,88.1,509722226688,448872800256,60849426432,4065983,107827067,2000.0,50.0,129697,AppActions.exe,14048,LUCASRODRIGUES\lucki,0.0,0.21216578856366017,7,35835904,44385,0,2025-10-07 09:24:37,running,não,sim,não
LucasRodrigues,2025-10-07 12:59:35,2.4,0.0,0.0,0.0,67.0,16890519552,11311271936,3.4,3489660928,117682175,88.1,509722226688,448872800256,60849426432,4065983,107827067,2000.0,50.0,129697,WmiPrvSE.exe,14284,LUCASRODRIGUES\lucki,0.0,0.09299986274335773,10,15708160,0,0,2025-10-07 12:09:05,running,não,sim,não
LucasRodrigues,2025-10-07 12:59:35,2.4,0.0,0.0,0.0,67.0,16890519552,11311271936,3.4,3489660928,117682175,88.1,509722226688,448872800256,60849426432,4065983,107827067,2000.0,50.0,129697,pet.exe,14308,LUCASRODRIGUES\lucki,0.0,0.042656260382155475,1,7204864,8764,48448,2025-10-07 09:15:47,running,não,sim,não
LucasRodrigues,2025-10-07 12:59:35,2.4,0.0,0.0,0.0,67.0,16890519552,11311271936,3.4,3489660928,117682175,88.1,509722226688,448872800256,60849426432,4065983,107827067,2000.0,50.0,129697,StoreDesktopExtension.exe,14316,LUCASRODRIGUES\lucki,0.0,0.20362968642919813,9,34394112,87805,0,2025-10-07 12:59:04,running,não,sim,não
LucasRodrigues,2025-10-07 12:59:35,2.4,0.0,0.0,0.0,67.0,16890519552,11311271936,3.4,3489660928,117682175,88.1,509722226688,448872800256,60849426432,4065983,107827067,2000.0,50.0,129697,RuntimeBroker.exe,14388,LUCASRODRIGUES\lucki,0.0,0.12889029217234585,4,21770240,16113,0,2025-10-07 09:19:31,running,não,sim,não
LucasRodrigues,2025-10-07 12:59:35,2.4,0.0,0.0,0.0,67.0,16890519552,11311271936,3.4,3489660928,117682175,88.1,509722226688,448872800256,60849426432,4065983,107827067,2000.0,50.0,129697,RuntimeBroker.exe,14592,LUCASRODRIGUES\lucki,0.0,0.12714427128120587,4,21475328,20500,0,2025-10-07 09:15:42,running,não,sim,não
LucasRodrigues,2025-10-07 12:59:35,2.4,0.0,0.0,0.0,67.0,16890519552,11311271936,3.4,3489660928,117682175,88.1,509722226688,448872800256,60849426432,4065983,107827067,2000.0,50.0,129697,ShellHost.exe,14616,LUCASRODRIGUES\lucki,0.0,0.9194497512162734,40,155299840,95199,420,2025-10-07 09:25:39,running,não,sim,não
LucasRodrigues,2025-10-07 12:59:35,2.4,0.0,0.0,0.0,67.0,16890519552,11311271936,3.4,3489660928,117682175,88.1,509722226688,448872800256,60849426432,4065983,107827067,2000.0,50.0,129697,conhost.exe,14708,LUCASRODRIGUES\lucki,0.0,0.05987396639200788,5,10113024,3,180,2025-10-07 09:15:48,running,não,sim,não
LucasRodrigues,2025-10-07 12:59:35,2.4,0.0,0.0,0.0,67.0,16890519552,11311271936,3.4,3489660928,117682175,88.1,509722226688,448872800256,60849426432,4065983,107827067,2000.0,50.0,129697,Code.exe,14728,LUCASRODRIGUES\lucki,0.0,0.20503620325817198,8,34631680,13386,144,2025-10-07 09:15:43,running,não,sim,não
LucasRodrigues,2025-10-07 12:59:35,2.4,0.0,0.0,0.0,67.0,16890519552,11311271936,3.4,3489660928,117682175,88.1,509722226688,448872800256,60849426432,4065983,107827067,2000.0,50.0,129697,NVDisplay.Container.exe,14972,LUCASRODRIGUES\lucki,0.0,0.2984725712243147,36,50413568,15258956,2531942,2025-10-07 00:28:47,running,não,sim,não
LucasRodrigues,2025-10-07 12:59:35,2.4,0.0,0.0,0.0,67.0,16890519552,11311271936,3.4,3489660928,117682175,88.1,509722226688,448872800256,60849426432,4065983,107827067,2000.0,50.0,129697,RuntimeBroker.exe,15092,LUCASRODRIGUES\lucki,0.0,0.07187786001859511,4,12140544,0,0,2025-10-07 09:19:39,running,não,sim,não
LucasRodrigues,2025-10-07 12:59:35,2.4,0.0,0.0,0.0,67.0,16890519552,11311271936,3.4,3489660928,117682175,88.1,509722226688,448872800256,60849426432,4065983,107827067,2000.0,50.0,129697,svchost.exe,15148,LUCASRODRIGUES\lucki,0.0,0.06072272654742314,6,10256384,839680,188416,2025-10-06 09:26:12,running,não,sim,não
LucasRodrigues,2025-10-07 12:59:35,2.4,0.0,0.0,0.0,67.0,16890519552,11311271936,3.4,3489660928,117682175,88.1,509722226688,448872800256,60849426432,4065983,107827067,2000.0,50.0,129697,svchost.exe,15180,LUCASRODRIGUES\lucki,0.0,0.08868331109581726,15,14979072,77137,131072,2025-10-06 01:00:37,running,não,sim,não
LucasRodrigues,2025-10-07 12:59:35,2.4,0.0,0.0,0.0,67.0,16890519552,11311271936,3.4,3489660928,117682175,88.1,509722226688,448872800256,60849426432,4065983,107827067,2000.0,50.0,129697,ctfmon.exe,15352,LUCASRODRIGUES\lucki,0.0,0.2299655015372259,17,38842368,0,0,2025-10-07 09:14:45,running,não,sim,não
LucasRodrigues,2025-10-07 12:59:35,2.4,0.0,0.0,0.0,67.0,16890519552,11311271936,3.4,3489660928,117682175,88.1,509722226688,448872800256,60849426432,4065983,107827067,2000.0,50.0,129697,svchost.exe,15572,LUCASRODRIGUES\lucki,0.0,0.09974144340637037,8,16846848,42723,0,2025-10-07 12:59:08,running,não,sim,não
LucasRodrigues,2025-10-07 12:59:35,2.4,0.0,0.0,0.0,67.0,16890519552,11311271936,3.4,3489660928,117682175,88.1,509722226688,448872800256,60849426432,4065983,107827067,2000.0,50.0,129697,python.exe,15628,LUCASRODRIGUES\lucki,0.0,0.45733622202789653,15,77246464,14267726,0,2025-10-07 12:59:34,running,não,sim,não
LucasRodrigues,2025-10-07 12:59:35,2.4,0.0,0.0,0.0,67.0,16890519552,11311271936,3.4,3489660928,117682175,88.1,509722226688,448872800256,60849426432,4065983,107827067,2000.0,50.0,129697,msedgewebview2.exe,15636,LUCASRODRIGUES\lucki,0.0,0.321534597161455,22,54308864,822367,578774,2025-10-07 09:14:39,running,não,sim,não
LucasRodrigues,2025-10-07 12:59:35,2.4,0.0,0.0,0.0,67.0,16890519552,11311271936,3.4,3489660928,117682175,88.1,509722226688,448872800256,60849426432,4065983,107827067,2000.0,50.0,129697,BraveCrashHandler.exe,15692,LUCASRODRIGUES\lucki,0.0,0.012149395367515572,5,2052096,8456,4368,2025-10-06 00:58:43,running,não,sim,não
LucasRodrigues,2025-10-07 12:59:35,2.4,0.0,0.0,0.0,67.0,16890519552,11311271936,3.4,3489660928,117682175,88.1,509722226688,448872800256,60849426432,4065983,107827067,2000.0,50.0,129697,svchost.exe,15744,LUCASRODRIGUES\lucki,0.0,0.12314297340567681,10,20799488,155438,62862,2025-10-06 00:58:58,running,não,sim,não
LucasRodrigues,2025-10-07 12:59:35,2.4,0.0,0.0,0.0,67.0,16890519552,11311271936,3.4,3489660928,117682175,88.1,509722226688,448872800256,60849426432,4065983,107827067,2000.0,50.0,129697,svchost.exe,15780,LUCASRODRIGUES\lucki,0.0,0.2507480001998224,22,42352640,592119177,14346893,2025-10-07 09:14:36,running,não,sim,não
LucasRodrigues,2025-10-07 12:59:35,2.4,0.0,0.0,0.0,67.0,16890519552,11311271936,3.4,3489660928,117682175,88.1,509722226688,448872800256,60849426432,4065983,107827067,2000.0,50.0,129697,NVIDIA Overlay.exe,15840,LUCASRODRIGUES\lucki,0.0,0.6378068813593355,63,107728896,25447115,1131136,2025-10-07 09:14:38,running,não,sim,não
LucasRodrigues,2025-10-07 12:59:35,2.4,0.0,0.0,0.0,67.0,16890519552,11311271936,3.4,3489660928,117682175,88.1,509722226688,448872800256,60849426432,4065983,107827067,2000.0,50.0,129697,StoreDesktopExtension.exe,16000,LUCASRODRIGUES\lucki,0.0,0.20326593207687732,9,34332672,63330,0,2025-10-07 12:59:05,running,não,sim,não
LucasRodrigues,2025-10-07 12:59:35,2.4,0.0,0.0,0.0,67.0,16890519552,11311271936,3.4,3489660928,117682175,88.1,509722226688,448872800256,60849426432,4065983,107827067,2000.0,50.0,129697,msedge.exe,16148,LUCASRODRIGUES\lucki,0.0,0.36212958288045916,17,61165568,7074815,43032,2025-10-07 12:22:40,running,não,sim,não
LucasRodrigues,2025-10-07 12:59:35,2.4,0.0,0.0,0.0,67.0,16890519552,11311271936,3.4,3489660928,117682175,88.1,509722226688,448872800256,60849426432,4065983,107827067,2000.0,50.0,129697,svchost.exe,16404,LUCASRODRIGUES\lucki,0.0,0.09035658111649306,5,15261696,6823,0,2025-10-07 09:15:31,running,não,sim,não
LucasRodrigues,2025-10-07 12:59:35,2.4,0.0,0.0,0.0,67.0,16890519552,11311271936,3.4,3489660928,117682175,88.1,509722226688,448872800256,60849426432,4065983,107827067,2000.0,50.0,129697,sihost.exe,16556,LUCASRODRIGUES\lucki,0.0,0.302279866778606,16,51056640,1146936,0,2025-10-07 09:14:36,running,não,sim,não
LucasRodrigues,2025-10-07 12:59:35,2.4,0.0,0.0,0.0,67.0,16890519552,11311271936,3.4,3489660928,117682175,88.1,509722226688,448872800256,60849426432,4065983,107827067,2000.0,50.0,129697,explorer.exe,16592,LUCASRODRIGUES\lucki,0.0,2.8907315876034456,120,488259584,26039551,2540172,2025-10-07 09:14:36,running,não,sim,não
LucasRodrigues,2025-10-07 12:59:35,2.4,0.0,0.0,0.0,67.0,16890519552,11311271936,3.4,3489660928,117682175,88.1,509722226688,448872800256,60849426432,4065983,107827067,2000.0,50.0,129697,Code.exe,16852,LUCASRODRIGUES\lucki,0.0,0.7528502578533353,52,127160320,76539942,28711838,2025-10-07 09:15:43,running,não,sim,não
LucasRodrigues,2025-10-07 12:59:35,2.4,0.0,0.0,0.0,67.0,16890519552,11311271936,3.4,3489660928,117682175,88.1,509722226688,448872800256,60849426432,4065983,107827067,2000.0,50.0,129697,svchost.exe,17048,LUCASRODRIGUES\lucki,0.0,0.0821357327540424,7,13873152,984,0,2025-10-06 08:50:36,running,não,sim,não
LucasRodrigues,2025-10-07 12:59:35,2.4,0.0,0.0,0.0,67.0,16890519552,11311271936,3.4,3489660928,117682175,88.1,509722226688,448872800256,60849426432,4065983,107827067,2000.0,50.0,129697,nvcontainer.exe,17092,LUCASRODRIGUES\lucki,0.0,0.3632208459374216,54,61349888,63134105,690726,2025-10-07 09:14:36,running,não,sim,não
LucasRodrigues,2025-10-07 12:59:35,2.4,0.0,0.0,0.0,67.0,16890519552,11311271936,3.4,3489660928,117682175,88.1,509722226688,448872800256,60849426432,4065983,107827067,2000.0,50.0,129697,svchost.exe,17152,LUCASRODRIGUES\lucki,0.0,0.0527443810865197,3,8908800,4122,0,2025-10-07 12:22:45,running,não,sim,não
LucasRodrigues,2025-10-07 12:59:35,2.4,0.0,0.0,0.0,67.0,16890519552,11311271936,3.4,3489660928,117682175,88.1,509722226688,448872800256,60849426432,4065983,107827067,2000.0,50.0,129697,NahimicSvc64.exe,17160,LUCASRODRIGUES\lucki,0.0,0.06336600817428781,26,10702848,1174907,204,2025-10-07 09:14:38,running,não,sim,não
LucasRodrigues,2025-10-07 12:59:35,2.4,0.0,0.0,0.0,67.0,16890519552,11311271936,3.4,3489660928,117682175,88.1,509722226688,448872800256,60849426432,4065983,107827067,2000.0,50.0,129697,svchost.exe,17272,LUCASRODRIGUES\lucki,0.0,0.05555741474446742,5,9383936,6920,0,2025-10-07 12:59:17,running,não,sim,não
LucasRodrigues,2025-10-07 12:59:35,2.4,0.0,0.0,0.0,67.0,16890519552,11311271936,3.4,3489660928,117682175,88.1,509722226688,448872800256,60849426432,4065983,107827067,2000.0,50.0,129697,svchost.exe,17364,LUCASRODRIGUES\lucki,0.0,0.08072921592506854,5,13635584,82,24,2025-10-07 00:24:58,running,não,sim,não
LucasRodrigues,2025-10-07 12:59:35,2.4,0.0,0.0,0.0,67.0,16890519552,11311271936,3.4,3489660928,117682175,88.1,509722226688,448872800256,60849426432,4065983,107827067,2000.0,50.0,129697,WidgetService.exe,17600,LUCASRODRIGUES\lucki,0.0,0.14579274441018686,7,24625152,4096,1675,2025-10-07 09:14:38,running,não,sim,não
LucasRodrigues,2025-10-07 12:59:35,2.4,0.0,0.0,0.0,67.0,16890519552,11311271936,3.4,3489660928,117682175,88.1,509722226688,448872800256,60849426432,4065983,107827067,2000.0,50.0,129697,svchost.exe,18100,LUCASRODRIGUES\lucki,0.0,0.10502800666009969,5,17739776,7736,0,2025-10-07 09:15:31,running,não,sim,não
LucasRodrigues,2025-10-07 12:59:35,2.4,0.0,0.0,0.0,67.0,16890519552,11311271936,3.4,3489660928,117682175,88.1,509722226688,448872800256,60849426432,4065983,107827067,2000.0,50.0,129697,Code.exe,18228,LUCASRODRIGUES\lucki,0.0,0.5945201134331572,20,100417536,28404686,4073068,2025-10-07 09:15:45,running,não,sim,não
LucasRodrigues,2025-10-07 12:59:35,2.4,0.0,0.0,0.0,67.0,16890519552,11311271936,3.4,3489660928,117682175,88.1,509722226688,448872800256,60849426432,4065983,107827067,2000.0,50.0,129697,RuntimeBroker.exe,18280,LUCASRODRIGUES\lucki,0.0,0.09765591845306429,3,16494592,13890,0,2025-10-07 09:47:55,running,não,sim,não
LucasRodrigues,2025-10-07 12:59:35,2.4,0.0,0.0,0.0,67.0,16890519552,11311271936,3.4,3489660928,117682175,88.1,509722226688,448872800256,60849426432,4065983,107827067,2000.0,50.0,129697,RuntimeBroker.exe,18372,LUCASRODRIGUES\lucki,0.0,0.10791379118851158,8,18227200,7385,0,2025-10-07 12:59:06,running,não,sim,não
LucasRodrigues,2025-10-07 12:59:35,2.4,0.0,0.0,0.0,67.0,16890519552,11311271936,3.4,3489660928,117682175,88.1,509722226688,448872800256,60849426432,4065983,107827067,2000.0,50.0,129697,SnippingTool.exe,18384,LUCASRODRIGUES\lucki,0.0,0.6245904732250122,8,105496576,120389,112,2025-10-07 12:29:04,running,não,sim,não
LucasRodrigues,2025-10-07 12:59:35,2.4,0.0,0.0,0.0,67.0,16890519552,11311271936,3.4,3489660928,117682175,88.1,509722226688,448872800256,60849426432,4065983,107827067,2000.0,50.0,129697,Code.exe,18504,LUCASRODRIGUES\lucki,0.0,0.560812210118094,21,94724096,1217653,326744,2025-10-07 09:15:45,running,não,sim,não
LucasRodrigues,2025-10-07 12:59:35,2.4,0.0,0.0,0.0,67.0,16890519552,11311271936,3.4,3489660928,117682175,88.1,509722226688,448872800256,60849426432,4065983,107827067,2000.0,50.0,129697,RuntimeBroker.exe,18604,LUCASRODRIGUES\lucki,0.0,0.3970257504131037,18,67059712,925953,30029,2025-10-07 09:14:38,running,não,sim,não
LucasRodrigues,2025-10-07 12:59:35,2.4,0.0,0.0,0.0,67.0,16890519552,11311271936,3.4,3489660928,117682175,88.1,509722226688,448872800256,60849426432,4065983,107827067,2000.0,50.0,129697,LenovoVantage-(VantageCoreAddin).exe,18640,LUCASRODRIGUES\lucki,0.0,0.03033711298355685,19,5124096,37845807,2328464,2025-10-06 00:58:58,running,não,sim,não
LucasRodrigues,2025-10-07 12:59:35,2.4,0.0,0.0,0.0,67.0,16890519552,11311271936,3.4,3489660928,117682175,88.1,509722226688,448872800256,60849426432,4065983,107827067,2000.0,50.0,129697,backgroundTaskHost.exe,18804,LUCASRODRIGUES\lucki,0.0,0.43829974425644,14,74031104,5917346,10124,2025-10-07 09:15:42,running,não,sim,não
LucasRodrigues,2025-10-07 12:59:35,2.4,0.0,0.0,0.0,67.0,16890519552,11311271936,3.4,3489660928,117682175,88.1,509722226688,448872800256,60849426432,4065983,107827067,2000.0,50.0,129697,svchost.exe,18832,LUCASRODRIGUES\lucki,0.0,0.08814980471241338,10,14888960,5486,0,2025-10-06 00:59:19,running,não,sim,não
LucasRodrigues,2025-10-07 12:59:35,2.4,0.0,0.0,0.0,67.0,16890519552,11311271936,3.4,3489660928,117682175,88.1,509722226688,448872800256,60849426432,4065983,107827067,2000.0,50.0,129697,svchost.exe,18860,LUCASRODRIGUES\lucki,0.0,0.13502561558149043,6,22806528,1017445,10942,2025-10-07 12:32:29,running,não,sim,não
LucasRodrigues,2025-10-07 12:59:35,2.4,0.0,0.0,0.0,67.0,16890519552,11311271936,3.4,3489660928,117682175,88.1,509722226688,448872800256,60849426432,4065983,107827067,2000.0,50.0,129697,opera.exe,18984,LUCASRODRIGUES\lucki,0.0,1.6736822756084277,23,282693632,7789082,2741175,2025-10-07 09:15:30,running,não,sim,não
LucasRodrigues,2025-10-07 12:59:35,2.4,0.0,0.0,0.0,67.0,16890519552,11311271936,3.4,3489660928,117682175,88.1,509722226688,448872800256,60849426432,4065983,107827067,2000.0,50.0,129697,RuntimeBroker.exe,19084,LUCASRODRIGUES\lucki,0.0,0.15961540979837824,4,26959872,18924,160,2025-10-07 11:56:59,running,não,sim,não
LucasRodrigues,2025-10-07 12:59:35,2.4,0.0,0.0,0.0,67.0,16890519552,11311271936,3.4,3489660928,117682175,88.1,509722226688,448872800256,60849426432,4065983,107827067,2000.0,50.0,129697,opera.exe,19092,LUCASRODRIGUES\lucki,0.0,0.9170732227811106,17,154898432,8107362,792840,2025-10-07 09:15:30,running,não,sim,não
LucasRodrigues,2025-10-07 12:59:35,2.4,0.0,0.0,0.0,67.0,16890519552,11311271936,3.4,3489660928,117682175,88.1,509722226688,448872800256,60849426432,4065983,107827067,2000.0,50.0,129697,SystemSettings.exe,19164,LUCASRODRIGUES\lucki,0.0,0.01908497835176598,43,3223552,32226098,29332,2025-10-07 09:21:30,stopped,não,sim,não
LucasRodrigues,2025-10-07 12:59:35,2.4,0.0,0.0,0.0,67.0,16890519552,11311271936,3.4,3489660928,117682175,88.1,509722226688,448872800256,60849426432,4065983,107827067,2000.0,50.0,129697,winlogon.exe,19180,LUCASRODRIGUES\lucki,0.0,0.12932679739513084,6,21843968,790870,0,2025-10-07 00:28:43,running,não,sim,não
LucasRodrigues,2025-10-07 12:59:35,2.4,0.0,0.0,0.0,67.0,16890519552,11311271936,3.4,3489660928,117682175,88.1,509722226688,448872800256,60849426432,4065983,107827067,2000.0,50.0,129697,RuntimeBroker.exe,19220,LUCASRODRIGUES\lucki,0.0,0.08948357067092308,6,15114240,24717,0,2025-10-07 12:59:09,running,não,sim,não
LucasRodrigues,2025-10-07 12:59:35,2.4,0.0,0.0,0.0,67.0,16890519552,11311271936,3.4,3489660928,117682175,88.1,509722226688,448872800256,60849426432,4065983,107827067,2000.0,50.0,129697,svchost.exe,19240,LUCASRODRIGUES\lucki,0.0,0.5598421985119052,48,94560256,66157128,11207083,2025-10-07 10:36:13,running,não,sim,não
LucasRodrigues,2025-10-07 12:59:35,2.4,0.0,0.0,0.0,67.0,16890519552,11311271936,3.4,3489660928,117682175,88.1,509722226688,448872800256,60849426432,4065983,107827067,2000.0,50.0,129697,Code.exe,19344,LUCASRODRIGUES\lucki,0.0,0.9486228502724036,20,160227328,297254566,10217696,2025-10-07 09:15:44,running,não,sim,não
LucasRodrigues,2025-10-07 12:59:35,2.4,0.0,0.0,0.0,67.0,16890519552,11311271936,3.4,3489660928,117682175,88.1,509722226688,448872800256,60849426432,4065983,107827067,2000.0,50.0,129697,LenovoVantage-(LenovoGamingSystemAddin).exe,19356,LUCASRODRIGUES\lucki,0.0,0.05376289327301802,40,9080832,1977079,215,2025-10-06 00:58:59,running,não,sim,não
LucasRodrigues,2025-10-07 12:59:35,2.4,0.0,0.0,0.0,67.0,16890519552,11311271936,3.4,3489660928,117682175,88.1,509722226688,448872800256,60849426432,4065983,107827067,2000.0,50.0,129697,MicrosoftSecurityApp.exe,19400,LUCASRODRIGUES\lucki,0.0,1.0933243316256278,51,184668160,3505644,275853,2025-10-07 09:16:51,running,não,sim,não
LucasRodrigues,2025-10-07 12:59:35,2.4,0.0,0.0,0.0,67.0,16890519552,11311271936,3.4,3489660928,117682175,88.1,509722226688,448872800256,60849426432,4065983,107827067,2000.0,50.0,129697,backgroundTaskHost.exe,19852,LUCASRODRIGUES\lucki,0.0,0.0719506108890593,12,12152832,5460,1144,2025-10-07 09:19:39,running,não,sim,não
LucasRodrigues,2025-10-07 12:59:35,2.4,0.0,0.0,0.0,67.0,16890519552,11311271936,3.4,3489660928,117682175,88.1,509722226688,448872800256,60849426432,4065983,107827067,2000.0,50.0,129697,Widgets.exe,20048,LUCASRODRIGUES\lucki,0.0,0.34367511207271595,16,58048512,929872,3219295,2025-10-07 09:14:38,running,não,sim,não
LucasRodrigues,2025-10-07 12:59:35,2.4,0.0,0.0,0.0,67.0,16890519552,11311271936,3.4,3489660928,117682175,88.1,509722226688,448872800256,60849426432,4065983,107827067,2000.0,50.0,129697,RuntimeBroker.exe,20104,LUCASRODRIGUES\lucki,0.0,0.2846984064164328,11,48087040,299741,0,2025-10-07 09:14:38,running,não,sim,não
LucasRodrigues,2025-10-07 12:59:35,2.4,0.0,0.0,0.0,67.0,16890519552,11311271936,3.4,3489660928,117682175,88.1,509722226688,448872800256,60849426432,4065983,107827067,2000.0,50.0,129697,NVIDIA Overlay.exe,20484,LUCASRODRIGUES\lucki,0.0,0.19839162375577826,12,33509376,788158,126108,2025-10-07 09:14:40,running,não,sim,não
LucasRodrigues,2025-10-07 12:59:35,2.4,0.0,0.0,0.0,67.0,16890519552,11311271936,3.4,3489660928,117682175,88.1,509722226688,448872800256,60849426432,4065983,107827067,2000.0,50.0,129697,uihost.exe,20528,LUCASRODRIGUES\lucki,0.0,0.1678605084509836,60,28352512,6653389,212653,2025-10-07 09:14:36,running,não,sim,não
LucasRodrigues,2025-10-07 12:59:35,2.4,0.0,0.0,0.0,67.0,16890519552,11311271936,3.4,3489660928,117682175,88.1,509722226688,448872800256,60849426432,4065983,107827067,2000.0,50.0,129697,unsecapp.exe,20612,LUCASRODRIGUES\lucki,0.0,0.06261424917949143,3,10575872,0,0,2025-10-07 09:14:39,running,não,sim,não
LucasRodrigues,2025-10-07 12:59:35,2.4,0.0,0.0,0.0,67.0,16890519552,11311271936,3.4,3489660928,117682175,88.1,509722226688,448872800256,60849426432,4065983,107827067,2000.0,50.0,129697,opera.exe,20752,LUCASRODRIGUES\lucki,0.0,2.010009549764263,28,339501056,45572296,30786356,2025-10-07 09:15:34,running,não,sim,não
LucasRodrigues,2025-10-07 12:59:35,2.4,0.0,0.0,0.0,67.0,16890519552,11311271936,3.4,3489660928,117682175,88.1,509722226688,448872800256,60849426432,4065983,107827067,2000.0,50.0,129697,msedgewebview2.exe,21164,LUCASRODRIGUES\lucki,0.0,0.05524216097245603,7,9330688,1636,72,2025-10-07 09:14:39,running,não,sim,não
LucasRodrigues,2025-10-07 12:59:35,2.4,0.0,0.0,0.0,67.0,16890519552,11311271936,3.4,3489660928,117682175,88.1,509722226688,448872800256,60849426432,4065983,107827067,2000.0,50.0,129697,svchost.exe,21292,LUCASRODRIGUES\lucki,0.0,0.19310506050204893,12,32616448,24609501,11635148,2025-10-07 09:16:36,running,não,sim,não
LucasRodrigues,2025-10-07 12:59:35,2.4,0.0,0.0,0.0,67.0,16890519552,11311271936,3.4,3489660928,117682175,88.1,509722226688,448872800256,60849426432,4065983,107827067,2000.0,50.0,129697,UserOOBEBroker.exe,21300,LUCASRODRIGUES\lucki,0.0,0.06790081243322077,3,11468800,4905,0,2025-10-07 09:21:33,running,não,sim,não
LucasRodrigues,2025-10-07 12:59:35,2.4,0.0,0.0,0.0,67.0,16890519552,11311271936,3.4,3489660928,117682175,88.1,509722226688,448872800256,60849426432,4065983,107827067,2000.0,50.0,129697,svchost.exe,21308,LUCASRODRIGUES\lucki,0.0,0.23037775646985617,10,38912000,14237068,342127296,2025-10-07 09:14:36,running,não,sim,não
LucasRodrigues,2025-10-07 12:59:35,2.4,0.0,0.0,0.0,67.0,16890519552,11311271936,3.4,3489660928,117682175,88.1,509722226688,448872800256,60849426432,4065983,107827067,2000.0,50.0,129697,opera.exe,21380,LUCASRODRIGUES\lucki,0.0,0.1327703385971013,10,22425600,2098607,1539116,2025-10-07 09:15:30,running,não,sim,não
LucasRodrigues,2025-10-07 12:59:35,2.4,0.0,0.0,0.0,67.0,16890519552,11311271936,3.4,3489660928,117682175,88.1,509722226688,448872800256,60849426432,4065983,107827067,2000.0,50.0,129697,FnHotkeyUtility.exe,21476,LUCASRODRIGUES\lucki,0.0,0.16410171347700175,17,27717632,26577,315392,2025-10-07 09:14:37,running,não,sim,não
LucasRodrigues,2025-10-07 12:59:35,2.4,0.0,0.0,0.0,67.0,16890519552,11311271936,3.4,3489660928,117682175,88.1,509722226688,448872800256,60849426432,4065983,107827067,2000.0,50.0,129697,msedgewebview2.exe,21556,LUCASRODRIGUES\lucki,0.0,0.11872942059751744,10,20054016,3157629,5152155,2025-10-07 09:14:39,running,não,sim,não
LucasRodrigues,2025-10-07 12:59:35,2.4,0.0,0.0,0.0,67.0,16890519552,11311271936,3.4,3489660928,117682175,88.1,509722226688,448872800256,60849426432,4065983,107827067,2000.0,50.0,129697,TranslucentTB.exe,21564,LUCASRODRIGUES\lucki,0.0,0.36249333723278,8,61227008,43416,8,2025-10-07 09:16:22,running,não,sim,não
LucasRodrigues,2025-10-07 12:59:35,2.4,0.0,0.0,0.0,67.0,16890519552,11311271936,3.4,3489660928,117682175,88.1,509722226688,448872800256,60849426432,4065983,107827067,2000.0,50.0,129697,WhatsApp.exe,21796,LUCASRODRIGUES\lucki,0.0,0.16099767633719736,17,27193344,15216026,179155,2025-10-07 09:15:47,stopped,não,sim,não
LucasRodrigues,2025-10-07 12:59:35,2.4,0.0,0.0,0.0,67.0,16890519552,11311271936,3.4,3489660928,117682175,88.1,509722226688,448872800256,60849426432,4065983,107827067,2000.0,50.0,129697,svchost.exe,22112,LUCASRODRIGUES\lucki,0.0,0.055339162133074916,4,9347072,4646,0,2025-10-06 13:20:10,running,não,sim,não
LucasRodrigues,2025-10-07 12:59:35,2.4,0.0,0.0,0.0,67.0,16890519552,11311271936,3.4,3489660928,117682175,88.1,509722226688,448872800256,60849426432,4065983,107827067,2000.0,50.0,129697,RuntimeBroker.exe,22164,LUCASRODRIGUES\lucki,0.0,0.16179793591230318,5,27328512,0,0,2025-10-07 09:15:13,running,não,sim,não
LucasRodrigues,2025-10-07 12:59:35,2.4,0.0,0.0,0.0,67.0,16890519552,11311271936,3.4,3489660928,117682175,88.1,509722226688,448872800256,60849426432,4065983,107827067,2000.0,50.0,129697,msedgewebview2.exe,22224,LUCASRODRIGUES\lucki,0.0,0.6451789695663709,46,108974080,24201845,7630940,2025-10-07 09:14:39,running,não,sim,não
LucasRodrigues,2025-10-07 12:59:35,2.4,0.0,0.0,0.0,67.0,16890519552,11311271936,3.4,3489660928,117682175,88.1,509722226688,448872800256,60849426432,4065983,107827067,2000.0,50.0,129697,AdobeCollabSync.exe,22400,LUCASRODRIGUES\lucki,0.0,0.03470216521140675,10,5861376,5230,263748,2025-10-07 09:20:34,running,não,sim,não
LucasRodrigues,2025-10-07 12:59:35,2.4,0.0,0.0,0.0,67.0,16890519552,11311271936,3.4,3489660928,117682175,88.1,509722226688,448872800256,60849426432,4065983,107827067,2000.0,50.0,129697,svchost.exe,22404,LUCASRODRIGUES\lucki,0.0,0.0347506657917162,3,5869568,0,0,2025-10-06 09:06:01,running,não,sim,não
LucasRodrigues,2025-10-07 12:59:35,2.4,0.0,0.0,0.0,67.0,16890519552,11311271936,3.4,3489660928,117682175,88.1,509722226688,448872800256,60849426432,4065983,107827067,2000.0,50.0,129697,msedgewebview2.exe,22448,LUCASRODRIGUES\lucki,0.0,0.5669475335272387,26,95760384,7493847,6006245,2025-10-07 09:14:39,running,não,sim,não
LucasRodrigues,2025-10-07 12:59:35,2.4,0.0,0.0,0.0,67.0,16890519552,11311271936,3.4,3489660928,117682175,88.1,509722226688,448872800256,60849426432,4065983,107827067,2000.0,50.0,129697,opera.exe,22460,LUCASRODRIGUES\lucki,0.0,0.14535623918740187,13,24551424,368874,410224,2025-10-07 09:15:31,running,não,sim,não
LucasRodrigues,2025-10-07 12:59:35,2.4,0.0,0.0,0.0,67.0,16890519552,11311271936,3.4,3489660928,117682175,88.1,509722226688,448872800256,60849426432,4065983,107827067,2000.0,50.0,129697,svchost.exe,22712,LUCASRODRIGUES\lucki,0.0,0.060819727708042025,6,10272768,4961,276,2025-10-07 12:12:43,running,não,sim,não
LucasRodrigues,2025-10-07 12:59:35,2.4,0.0,0.0,0.0,67.0,16890519552,11311271936,3.4,3489660928,117682175,88.1,509722226688,448872800256,60849426432,4065983,107827067,2000.0,50.0,129697,TextInputHost.exe,22956,LUCASRODRIGUES\lucki,0.0,0.5082375810626574,24,85843968,124927,8,2025-10-07 09:14:47,running,não,sim,não
LucasRodrigues,2025-10-07 12:59:35,2.4,0.0,0.0,0.0,67.0,16890519552,11311271936,3.4,3489660928,117682175,88.1,509722226688,448872800256,60849426432,4065983,107827067,2000.0,50.0,129697,opera_crashreporter.exe,23136,LUCASRODRIGUES\lucki,0.0,0.06945283100312295,8,11730944,22581,756,2025-10-07 09:15:29,running,não,sim,não
LucasRodrigues,2025-10-07 12:59:35,2.4,0.0,0.0,0.0,67.0,16890519552,11311271936,3.4,3489660928,117682175,88.1,509722226688,448872800256,60849426432,4065983,107827067,2000.0,50.0,129697,opera.exe,23220,LUCASRODRIGUES\lucki,0.0,1.6944405239808693,24,286199808,31068785,15945483,2025-10-07 09:15:34,running,não,sim,não
LucasRodrigues,2025-10-07 12:59:35,2.4,0.0,0.0,0.0,67.0,16890519552,11311271936,3.4,3489660928,117682175,88.1,509722226688,448872800256,60849426432,4065983,107827067,2000.0,50.0,129697,csrss.exe,23400,LUCASRODRIGUES\lucki,0.0,0.05400539617456523,15,9121792,703749,0,2025-10-07 00:28:43,running,não,sim,não
LucasRodrigues,2025-10-07 12:59:35,2.4,0.0,0.0,0.0,67.0,16890519552,11311271936,3.4,3489660928,117682175,88.1,509722226688,448872800256,60849426432,4065983,107827067,2000.0,50.0,129697,RuntimeBroker.exe,23488,LUCASRODRIGUES\lucki,0.0,0.0853852716347751,4,14422016,6737,0,2025-10-07 09:16:53,running,não,sim,não
LucasRodrigues,2025-10-07 12:59:35,2.4,0.0,0.0,0.0,67.0,16890519552,11311271936,3.4,3489660928,117682175,88.1,509722226688,448872800256,60849426432,4065983,107827067,2000.0,50.0,129697,NVIDIA Overlay.exe,23724,LUCASRODRIGUES\lucki,0.0,0.29582928959745003,14,49967104,121145,74784,2025-10-07 09:14:39,running,não,sim,não
LucasRodrigues,2025-10-07 12:59:35,2.4,0.0,0.0,0.0,67.0,16890519552,11311271936,3.4,3489660928,117682175,88.1,509722226688,448872800256,60849426432,4065983,107827067,2000.0,50.0,129697,fontdrvhost.exe,24020,LUCASRODRIGUES\lucki,0.0,0.048209576827586746,5,8142848,2418,0,2025-10-07 00:28:43,running,não,sim,não
LucasRodrigues,2025-10-07 12:59:35,2.4,0.0,0.0,0.0,67.0,16890519552,11311271936,3.4,3489660928,117682175,88.1,509722226688,448872800256,60849426432,4065983,107827067,2000.0,50.0,129697,nvsphelper64.exe,24292,LUCASRODRIGUES\lucki,0.0,0.09251485694026329,6,15626240,546375,15589,2025-10-07 09:14:38,running,não,sim,não
LucasRodrigues,2025-10-07 12:59:35,2.4,0.0,0.0,0.0,67.0,16890519552,11311271936,3.4,3489660928,117682175,88.1,509722226688,448872800256,60849426432,4065983,107827067,2000.0,50.0,129697,svchost.exe,24352,LUCASRODRIGUES\lucki,0.0,0.21888311893651807,21,36970496,2752669,570986,2025-10-07 12:59:06,running,não,sim,não
LucasRodrigues,2025-10-07 12:59:35,2.4,0.0,0.0,0.0,67.0,16890519552,11311271936,3.4,3489660928,117682175,88.1,509722226688,448872800256,60849426432,4065983,107827067,2000.0,50.0,129697,Code.exe,24440,LUCASRODRIGUES\lucki,0.0,1.0160871574828394,20,171622400,30365858,103829937,2025-10-07 09:15:45,running,não,sim,não
LucasRodrigues,2025-10-07 12:59:35,2.4,0.0,0.0,0.0,67.0,16890519552,11311271936,3.4,3489660928,117682175,88.1,509722226688,448872800256,60849426432,4065983,107827067,2000.0,50.0,129697,CrossDeviceResume.exe,25068,LUCASRODRIGUES\lucki,0.0,0.3364727758967636,10,56832000,69152,8,2025-10-07 09:14:37,running,não,sim,não
LucasRodrigues,2025-10-07 12:59:35,2.4,0.0,0.0,0.0,67.0,16890519552,11311271936,3.4,3489660928,117682175,88.1,509722226688,448872800256,60849426432,4065983,107827067,2000.0,50.0,129697,FnHotkeyCapsLKNumLK.exe,25080,LUCASRODRIGUES\lucki,0.0,0.09881993238049093,4,16691200,60,0,2025-10-07 09:14:36,running,não,sim,não
LucasRodrigues,2025-10-07 12:59:35,2.4,0.0,0.0,0.0,67.0,16890519552,11311271936,3.4,3489660928,117682175,88.1,509722226688,448872800256,60849426432,4065983,107827067,2000.0,50.0,129697,OneDrive.Sync.Service.exe,25236,LUCASRODRIGUES\lucki,0.0,0.25200901528786795,23,42565632,1790410,520808,2025-10-07 12:24:37,running,não,sim,não
LucasRodrigues,2025-10-07 12:59:35,2.4,0.0,0.0,0.0,67.0,16890519552,11311271936,3.4,3489660928,117682175,88.1,509722226688,448872800256,60849426432,4065983,107827067,2000.0,50.0,129697,nvcontainer.exe,25260,LUCASRODRIGUES\lucki,0.0,0.1992646342013482,17,33656832,3361599,304219,2025-10-07 09:14:36,running,não,sim,não
LucasRodrigues,2025-10-07 12:59:35,2.4,0.0,0.0,0.0,67.0,16890519552,11311271936,3.4,3489660928,117682175,88.1,509722226688,448872800256,60849426432,4065983,107827067,2000.0,50.0,129697,wallpaper32.exe,25516,LUCASRODRIGUES\lucki,15.6,1.1921200137159642,33,201355264,83104380,9640,2025-10-07 09:15:43,running,não,sim,não
LucasRodrigues,2025-10-07 12:59:35,2.4,0.0,0.0,0.0,67.0,16890519552,11311271936,3.4,3489660928,117682175,88.1,509722226688,448872800256,60849426432,4065983,107827067,2000.0,50.0,129697,opera.exe,26088,LUCASRODRIGUES\lucki,0.0,0.8394237937056916,13,141783040,867794,659488,2025-10-07 09:15:30,running,não,sim,não
LucasRodrigues,2025-10-07 12:59:35,2.4,0.0,0.0,0.0,67.0,16890519552,11311271936,3.4,3489660928,117682175,88.1,509722226688,448872800256,60849426432,4065983,107827067,2000.0,50.0,129697,winrtutil32.exe,26336,LUCASRODRIGUES\lucki,0.0,0.07469089367654283,6,12615680,7038,0,2025-10-07 12:59:12,running,não,sim,não
LucasRodrigues,2025-10-07 12:59:35,2.4,0.0,0.0,0.0,67.0,16890519552,11311271936,3.4,3489660928,117682175,88.1,509722226688,448872800256,60849426432,4065983,107827067,2000.0,50.0,129697,RuntimeBroker.exe,26748,LUCASRODRIGUES\lucki,0.0,0.06416626774939363,8,10838016,3240,0,2025-10-07 12:32:30,running,não,sim,não
LucasRodrigues,2025-10-07 12:59:35,2.4,0.0,0.0,0.0,67.0,16890519552,11311271936,3.4,3489660928,117682175,88.